time,precipitation,precipitation_probability,temperature_2m
2025-11-06T00:00:00.000Z,0,0,9.98799991607666
2025-11-06T01:00:00.000Z,0,0,9.387999534606934
2025-11-06T02:00:00.000Z,0,0,8.788000106811523
2025-11-06T03:00:00.000Z,0,0,8.23799991607666
2025-11-06T04:00:00.000Z,0,0,7.738000392913818
2025-11-06T05:00:00.000Z,0,0,7.188000202178955
2025-11-06T06:00:00.000Z,0,0,7.038000106811523
2025-11-06T07:00:00.000Z,0,0,8.187999725341797
2025-11-06T08:00:00.000Z,0,0,14.288000106811523
2025-11-06T09:00:00.000Z,0,0,19.08799934387207
2025-11-06T10:00:00.000Z,0,0,21.288000106811523
2025-11-06T11:00:00.000Z,0,0,22.737998962402344
2025-11-06T12:00:00.000Z,0,0,23.58799934387207
2025-11-06T13:00:00.000Z,0,0,24.288000106811523
2025-11-06T14:00:00.000Z,0,0,24.487998962402344
2025-11-06T15:00:00.000Z,0,0,23.937999725341797
2025-11-06T16:00:00.000Z,0,0,22.538000106811523
2025-11-06T17:00:00.000Z,0,0,18.237998962402344
2025-11-06T18:00:00.000Z,0,0,16.13800048828125
2025-11-06T19:00:00.000Z,0,0,14.788000106811523
2025-11-06T20:00:00.000Z,0,0,13.83799934387207
2025-11-06T21:00:00.000Z,0,0,13.288000106811523
2025-11-06T22:00:00.000Z,0,0,12.73799991607666
2025-11-06T23:00:00.000Z,0,0,12.33799934387207
2025-11-07T00:00:00.000Z,0,0,10.98799991607666
2025-11-07T01:00:00.000Z,0,0,10.937999725341797
2025-11-07T02:00:00.000Z,0,0,10.637999534606934
2025-11-07T03:00:00.000Z,0,0,10.23799991607666
2025-11-07T04:00:00.000Z,0,0,9.98799991607666
2025-11-07T05:00:00.000Z,0,0,9.788000106811523
2025-11-07T06:00:00.000Z,0,0,8.687999725341797
2025-11-07T07:00:00.000Z,0,0,10.137999534606934
2025-11-07T08:00:00.000Z,0,0,15.937999725341797
2025-11-07T09:00:00.000Z,0,0,18.687999725341797
2025-11-07T10:00:00.000Z,0,1,21.08799934387207
2025-11-07T11:00:00.000Z,0,1,22.38800048828125
2025-11-07T12:00:00.000Z,0,21,20.88800048828125
2025-11-07T13:00:00.000Z,0,26,21.187999725341797
2025-11-07T14:00:00.000Z,0,28,21.38800048828125
2025-11-07T15:00:00.000Z,0.20000000298023224,15,20.687999725341797
2025-11-07T16:00:00.000Z,0.20000000298023224,12,19.687999725341797
2025-11-07T17:00:00.000Z,0.4000000059604645,14,18.487998962402344
2025-11-07T18:00:00.000Z,0.699999988079071,15,18.1564998626709
2025-11-07T19:00:00.000Z,0,14,18.006500244140625
2025-11-07T20:00:00.000Z,0,3,18.456501007080078
2025-11-07T21:00:00.000Z,0,3,18.456501007080078
2025-11-07T22:00:00.000Z,0,3,18.4064998626709
2025-11-07T23:00:00.000Z,0,4,19.006500244140625
2025-11-08T00:00:00.000Z,0,7,19.056499481201172
2025-11-08T01:00:00.000Z,0.10000000149011612,10,19.256500244140625
2025-11-08T02:00:00.000Z,0,31,19.4064998626709
2025-11-08T03:00:00.000Z,0.4000000059604645,24,19.456501007080078
2025-11-08T04:00:00.000Z,0.30000001192092896,25,19.706501007080078
2025-11-08T05:00:00.000Z,0.6000000238418579,42,19.556499481201172
2025-11-08T06:00:00.000Z,0,29,19.60650062561035
2025-11-08T07:00:00.000Z,0,24,19.706501007080078
2025-11-08T08:00:00.000Z,0,10,19.706501007080078
2025-11-08T09:00:00.000Z,0,10,20.206501007080078
2025-11-08T10:00:00.000Z,0,6,21.706501007080078
2025-11-08T11:00:00.000Z,0,8,23.10650062561035
2025-11-08T12:00:00.000Z,0,8,24.4064998626709
2025-11-08T13:00:00.000Z,0,9,24.756500244140625
2025-11-08T14:00:00.000Z,0,3,25.35650062561035
2025-11-08T15:00:00.000Z,0,2,25.60650062561035
2025-11-08T16:00:00.000Z,0,1,24.956501007080078
2025-11-08T17:00:00.000Z,0,1,22.556499481201172
2025-11-08T18:00:00.000Z,0,0,20.456501007080078
2025-11-08T19:00:00.000Z,0,0,19.006500244140625
2025-11-08T20:00:00.000Z,0,1,18.306499481201172
2025-11-08T21:00:00.000Z,0,1,17.6564998626709
2025-11-08T22:00:00.000Z,0,2,17.806499481201172
2025-11-08T23:00:00.000Z,0,0,17.056499481201172
2025-11-09T00:00:00.000Z,0,1,17.306499481201172
2025-11-09T01:00:00.000Z,0,2,16.806499481201172
2025-11-09T02:00:00.000Z,0,3,16.456501007080078
2025-11-09T03:00:00.000Z,0,0,16.256500244140625
2025-11-09T04:00:00.000Z,0,0,16.556499481201172
2025-11-09T05:00:00.000Z,0,10,17.806499481201172
2025-11-09T06:00:00.000Z,0,7,17.956501007080078
2025-11-09T07:00:00.000Z,0,0,17.85650062561035
2025-11-09T08:00:00.000Z,0,0,18.206501007080078
2025-11-09T09:00:00.000Z,0,0,19.35650062561035
2025-11-09T10:00:00.000Z,0,0,20.10650062561035
2025-11-09T11:00:00.000Z,0,0,20.9064998626709
2025-11-09T12:00:00.000Z,0,0,21.85650062561035
2025-11-09T13:00:00.000Z,0,0,21.556499481201172
2025-11-09T14:00:00.000Z,0,0,21.256500244140625
2025-11-09T15:00:00.000Z,0,0,19.9064998626709
2025-11-09T16:00:00.000Z,0,0,18.556499481201172
2025-11-09T17:00:00.000Z,0,0,15.656499862670898
2025-11-09T18:00:00.000Z,0,0,13.506500244140625
2025-11-09T19:00:00.000Z,0,0,10.756500244140625
2025-11-09T20:00:00.000Z,0,0,9.256500244140625
2025-11-09T21:00:00.000Z,0,0,7.9564995765686035
2025-11-09T22:00:00.000Z,0,0,7.4564995765686035
2025-11-09T23:00:00.000Z,0,0,6.7064995765686035
2025-11-10T00:00:00.000Z,0,0,6.156499862670898
2025-11-10T01:00:00.000Z,0,0,5.05649995803833
2025-11-10T02:00:00.000Z,0,0,4.55649995803833
2025-11-10T03:00:00.000Z,0,0,3.6565001010894775
2025-11-10T04:00:00.000Z,0,0,2.9565000534057617
2025-11-10T05:00:00.000Z,0,0,2.6565001010894775
2025-11-10T06:00:00.000Z,0,0,2.006500005722046
2025-11-10T07:00:00.000Z,0,0,1.656499981880188
2025-11-10T08:00:00.000Z,0,0,2.8564999103546143
2025-11-10T09:00:00.000Z,0,0,3.80649995803833
2025-11-10T10:00:00.000Z,0,0,4.656499862670898
2025-11-10T11:00:00.000Z,0,0,5.506499767303467
2025-11-10T12:00:00.000Z,0,0,6.4564995765686035
2025-11-10T13:00:00.000Z,0,0,6.756499767303467
2025-11-10T14:00:00.000Z,0,0,6.506499767303467
2025-11-10T15:00:00.000Z,0,0,5.856499671936035
2025-11-10T16:00:00.000Z,0,0,4.4564995765686035
2025-11-10T17:00:00.000Z,0,0,2.55649995803833
2025-11-10T18:00:00.000Z,0,0,1.55649995803833
2025-11-10T19:00:00.000Z,0,0,0.7565000057220459
2025-11-10T20:00:00.000Z,0,0,0.2565000057220459
2025-11-10T21:00:00.000Z,0,0,-0.04349999874830246
2025-11-10T22:00:00.000Z,0,0,-0.4934999942779541
2025-11-10T23:00:00.000Z,0,0,-0.9934999942779541
2025-11-11T00:00:00.000Z,0,0,-1.3934999704360962
2025-11-11T01:00:00.000Z,0,0,-2.1435000896453857
2025-11-11T02:00:00.000Z,0,0,-3.3935000896453857
2025-11-11T03:00:00.000Z,0,0,-3.5434999465942383
2025-11-11T04:00:00.000Z,0,0,-3.493499994277954
2025-11-11T05:00:00.000Z,0,0,-2.94350004196167
2025-11-11T06:00:00.000Z,0,0,-4.093500137329102
2025-11-11T07:00:00.000Z,0,0,-2.94350004196167
2025-11-11T08:00:00.000Z,0,0,1.3565000295639038
2025-11-11T09:00:00.000Z,0,0,3.8564999103546143
2025-11-11T10:00:00.000Z,0,0,5.356499671936035
2025-11-11T11:00:00.000Z,0,0,6.856499671936035
2025-11-11T12:00:00.000Z,0,0,8.406499862670898
2025-11-11T13:00:00.000Z,0,0,9.956500053405762
2025-11-11T14:00:00.000Z,0,0,11.006500244140625
2025-11-11T15:00:00.000Z,0,0,11.006500244140625
2025-11-11T16:00:00.000Z,0,0,10.256500244140625
2025-11-11T17:00:00.000Z,0,0,7.9564995765686035
2025-11-11T18:00:00.000Z,0,0,6.4564995765686035
2025-11-11T19:00:00.000Z,0,0,5.2064995765686035
2025-11-11T20:00:00.000Z,0,0,4.606499671936035
2025-11-11T21:00:00.000Z,0,0,3.80649995803833
2025-11-11T22:00:00.000Z,0,0,3.506500005722046
2025-11-11T23:00:00.000Z,0,0,2.9065001010894775
2025-11-12T00:00:00.000Z,0,0,2.4065001010894775
2025-11-12T01:00:00.000Z,0,0,2.1064999103546143
2025-11-12T02:00:00.000Z,0,0,1.9565000534057617
2025-11-12T03:00:00.000Z,0,0,1.6065000295639038
2025-11-12T04:00:00.000Z,0,0,1.906499981880188
2025-11-12T05:00:00.000Z,0,0,1.906499981880188
2025-11-12T06:00:00.000Z,0,0,1.406499981880188
2025-11-12T07:00:00.000Z,0,0,2.7065000534057617
2025-11-12T08:00:00.000Z,0,0,7.30649995803833
2025-11-12T09:00:00.000Z,0,0,11.056500434875488
2025-11-12T10:00:00.000Z,0,0,13.706500053405762
2025-11-12T11:00:00.000Z,0,0,16.256500244140625
2025-11-12T12:00:00.000Z,0,0,18.1564998626709
2025-11-12T13:00:00.000Z,0,0,19.35650062561035
2025-11-12T14:00:00.000Z,0,0,20.056499481201172
2025-11-12T15:00:00.000Z,0,0,20.1564998626709
2025-11-12T16:00:00.000Z,0,0,19.256500244140625
2025-11-12T17:00:00.000Z,0,0,17.256500244140625
2025-11-12T18:00:00.000Z,0,0,14.656499862670898
2025-11-12T19:00:00.000Z,0,0,12.956500053405762
2025-11-12T20:00:00.000Z,0,0,11.656499862670898
2025-11-12T21:00:00.000Z,0,0,11.356500625610352
2025-11-12T22:00:00.000Z,0,0,10.806500434875488
2025-11-12T23:00:00.000Z,0,0,9.556500434875488
2025-11-13T00:00:00.000Z,0,0,9.056500434875488
2025-11-13T01:00:00.000Z,0,0,8.756500244140625
2025-11-13T02:00:00.000Z,0,0,8.406499862670898
2025-11-13T03:00:00.000Z,0,0,7.856499671936035
2025-11-13T04:00:00.000Z,0,0,7.756499767303467
2025-11-13T05:00:00.000Z,0,0,7.606499671936035
2025-11-13T06:00:00.000Z,0,0,7.30649995803833
2025-11-13T07:00:00.000Z,0,0,8.556500434875488
2025-11-13T08:00:00.000Z,0,0,13.006500244140625
2025-11-13T09:00:00.000Z,0,0,16.956501007080078
2025-11-13T10:00:00.000Z,0,0,19.9064998626709
2025-11-13T11:00:00.000Z,0,0,21.10650062561035
2025-11-13T12:00:00.000Z,0,0,21.85650062561035
2025-11-13T13:00:00.000Z,0,0,22.506500244140625
2025-11-13T14:00:00.000Z,0,0,22.9064998626709
2025-11-13T15:00:00.000Z,0,0,22.456501007080078
2025-11-13T16:00:00.000Z,0,0,21.456501007080078
2025-11-13T17:00:00.000Z,0,0,17.956501007080078
2025-11-13T18:00:00.000Z,0,0,14.656499862670898
2025-11-13T19:00:00.000Z,0,0,12.906499862670898
2025-11-13T20:00:00.000Z,0,0,11.856500625610352
2025-11-13T21:00:00.000Z,0,0,10.306500434875488
2025-11-13T22:00:00.000Z,0,0,9.306500434875488
2025-11-13T23:00:00.000Z,0,0,8.406499862670898
2025-11-14T00:00:00.000Z,0,0,7.80649995803833
2025-11-14T01:00:00.000Z,0,0,7.156499862670898
2025-11-14T02:00:00.000Z,0,0,6.156499862670898
2025-11-14T03:00:00.000Z,0,0,6.406499862670898
2025-11-14T04:00:00.000Z,0,0,6.156499862670898
2025-11-14T05:00:00.000Z,0,0,6.256499767303467
2025-11-14T06:00:00.000Z,0,0,5.906499862670898
2025-11-14T07:00:00.000Z,0,0,6.906499862670898
2025-11-14T08:00:00.000Z,0,0,12.806500434875488
2025-11-14T09:00:00.000Z,0,0,17.806499481201172
2025-11-14T10:00:00.000Z,0,0,20.806499481201172
2025-11-14T11:00:00.000Z,0,0,21.956501007080078
2025-11-14T12:00:00.000Z,0,0,22.706501007080078
2025-11-14T13:00:00.000Z,0,0,23.1564998626709
2025-11-14T14:00:00.000Z,0,0,23.35650062561035
2025-11-14T15:00:00.000Z,0,0,23.1564998626709
2025-11-14T16:00:00.000Z,0,0,22.006500244140625
2025-11-14T17:00:00.000Z,0,0,17.85650062561035
2025-11-14T18:00:00.000Z,0,0,15.856500625610352
2025-11-14T19:00:00.000Z,0,0,13.656499862670898
2025-11-14T20:00:00.000Z,0,0,11.856500625610352
2025-11-14T21:00:00.000Z,0,0,11.556500434875488
2025-11-14T22:00:00.000Z,0,0,10.656499862670898
2025-11-14T23:00:00.000Z,0,0,9.706500053405762
2025-11-15T00:00:00.000Z,0,0,9.006500244140625
2025-11-15T01:00:00.000Z,0,0,9.256500244140625
2025-11-15T02:00:00.000Z,0,0,8.756500244140625
2025-11-15T03:00:00.000Z,0,0,8.706500053405762
2025-11-15T04:00:00.000Z,0,0,7.80649995803833
2025-11-15T05:00:00.000Z,0,0,8.206500053405762
2025-11-15T06:00:00.000Z,0,0,7.7064995765686035
2025-11-15T07:00:00.000Z,0,0,8.506500244140625
2025-11-15T08:00:00.000Z,0,0,12.656499862670898
2025-11-15T09:00:00.000Z,0,0,16.1564998626709
2025-11-15T10:00:00.000Z,0,0,19.4064998626709
2025-11-15T11:00:00.000Z,0,0,21.306499481201172
2025-11-15T12:00:00.000Z,0,0,22.60650062561035
2025-11-15T13:00:00.000Z,0,0,23.306499481201172
2025-11-15T14:00:00.000Z,0,0,23.556499481201172
2025-11-15T15:00:00.000Z,0,0,23.4064998626709
2025-11-15T16:00:00.000Z,0,0,22.556499481201172
2025-11-15T17:00:00.000Z,0,0,20.306499481201172
2025-11-15T18:00:00.000Z,0,0,18.056499481201172
2025-11-15T19:00:00.000Z,0,0,16.9064998626709
2025-11-15T20:00:00.000Z,0,0,15.956500053405762
2025-11-15T21:00:00.000Z,0,0,15.706500053405762
2025-11-15T22:00:00.000Z,0,0,15.156499862670898
2025-11-15T23:00:00.000Z,0,0,15.556500434875488
2025-11-16T00:00:00.000Z,0,0,15.106500625610352
2025-11-16T01:00:00.000Z,0,0,14.356500625610352
2025-11-16T02:00:00.000Z,0,0,14.106500625610352
2025-11-16T03:00:00.000Z,0,0,13.306500434875488
2025-11-16T04:00:00.000Z,0,0,12.856500625610352
2025-11-16T05:00:00.000Z,0,0,12.506500244140625
2025-11-16T06:00:00.000Z,0,0,13.106500625610352
2025-11-16T07:00:00.000Z,0,0,14.156499862670898
2025-11-16T08:00:00.000Z,0,0,15.006500244140625
2025-11-16T09:00:00.000Z,0,0,16.6564998626709
2025-11-16T10:00:00.000Z,0,0,19.10650062561035
2025-11-16T11:00:00.000Z,0,0,19.4064998626709
2025-11-16T12:00:00.000Z,0,0,20.756500244140625
2025-11-16T13:00:00.000Z,0,0,22.306499481201172
2025-11-16T14:00:00.000Z,0,0,23.1564998626709
2025-11-16T15:00:00.000Z,0,0,23.206501007080078
2025-11-16T16:00:00.000Z,0,0,22.506500244140625
2025-11-16T17:00:00.000Z,0,0,20.956501007080078
2025-11-16T18:00:00.000Z,0,0,18.6564998626709
2025-11-16T19:00:00.000Z,0,0,16.456501007080078
2025-11-16T20:00:00.000Z,0,0,15.756500244140625
2025-11-16T21:00:00.000Z,0,0,14.406499862670898
2025-11-16T22:00:00.000Z,0,0,13.556500434875488
2025-11-16T23:00:00.000Z,0,0,12.606500625610352
2025-11-17T00:00:00.000Z,0,0,11.756500244140625
2025-11-17T01:00:00.000Z,0,0,10.756500244140625
2025-11-17T02:00:00.000Z,0,0,10.306500434875488
2025-11-17T03:00:00.000Z,0,0,9.806500434875488
2025-11-17T04:00:00.000Z,0,0,9.256500244140625
2025-11-17T05:00:00.000Z,0,0,9.006500244140625
2025-11-17T06:00:00.000Z,0,0,8.456500053405762
2025-11-17T07:00:00.000Z,0,0,8.706500053405762
2025-11-17T08:00:00.000Z,0,0,13.256500244140625
2025-11-17T09:00:00.000Z,0,0,15.906499862670898
2025-11-17T10:00:00.000Z,0,0,18.206501007080078
2025-11-17T11:00:00.000Z,0,0,20.006500244140625
2025-11-17T12:00:00.000Z,0,0,21.10650062561035
2025-11-17T13:00:00.000Z,0,0,21.60650062561035
2025-11-17T14:00:00.000Z,0,0,22.056499481201172
2025-11-17T15:00:00.000Z,0,0,21.85650062561035
2025-11-17T16:00:00.000Z,0,0,20.6564998626709
2025-11-17T17:00:00.000Z,0,0,17.1564998626709
2025-11-17T18:00:00.000Z,0,0,14.506500244140625
2025-11-17T19:00:00.000Z,0,0,13.156499862670898
2025-11-17T20:00:00.000Z,0,0,11.806500434875488
2025-11-17T21:00:00.000Z,0,0,10.256500244140625
2025-11-17T22:00:00.000Z,0,0,9.656499862670898
2025-11-17T23:00:00.000Z,0,0,8.856500625610352
2025-11-18T00:00:00.000Z,0,0,8.656499862670898
2025-11-18T01:00:00.000Z,0,0,8.806500434875488
2025-11-18T02:00:00.000Z,0,0,8.056500434875488
2025-11-18T03:00:00.000Z,0,0,8.406499862670898
2025-11-18T04:00:00.000Z,0,0,7.756499767303467
2025-11-18T05:00:00.000Z,0,0,7.606499671936035
2025-11-18T06:00:00.000Z,0,0,7.80649995803833
2025-11-18T07:00:00.000Z,0,0,8.956500053405762
2025-11-18T08:00:00.000Z,0,0,13.756500244140625
2025-11-18T09:00:00.000Z,0,0,17.6564998626709
2025-11-18T10:00:00.000Z,0,0,20.4064998626709
2025-11-18T11:00:00.000Z,0,0,22.056499481201172
2025-11-18T12:00:00.000Z,0,0,23.506500244140625
2025-11-18T13:00:00.000Z,0,0,24.056499481201172
2025-11-18T14:00:00.000Z,0,0,24.706501007080078
2025-11-18T15:00:00.000Z,0,0,24.4064998626709
2025-11-18T16:00:00.000Z,0,0,23.556499481201172
2025-11-18T17:00:00.000Z,0,0,20.10650062561035
2025-11-18T18:00:00.000Z,0,0,18.6564998626709
2025-11-18T19:00:00.000Z,0,0,17.85650062561035
2025-11-18T20:00:00.000Z,0,0,16.9064998626709
2025-11-18T21:00:00.000Z,0,0,16.256500244140625
2025-11-18T22:00:00.000Z,0,0,16.256500244140625
2025-11-18T23:00:00.000Z,0,0,16.056499481201172
2025-11-19T00:00:00.000Z,0,0,15.306500434875488
2025-11-19T01:00:00.000Z,0,0,15.456500053405762
2025-11-19T02:00:00.000Z,0,0,15.606500625610352
2025-11-19T03:00:00.000Z,0,0,15.456500053405762
2025-11-19T04:00:00.000Z,0,0,14.556500434875488
2025-11-19T05:00:00.000Z,0,0,15.756500244140625
2025-11-19T06:00:00.000Z,0,0,15.256500244140625
2025-11-19T07:00:00.000Z,0,0,16.206501007080078
2025-11-19T08:00:00.000Z,0,0,17.206501007080078
2025-11-19T09:00:00.000Z,0,0,18.206501007080078
2025-11-19T10:00:00.000Z,0,0,19.1564998626709
2025-11-19T11:00:00.000Z,0,0,20.956501007080078
2025-11-19T12:00:00.000Z,0,0,22.006500244140625
2025-11-19T13:00:00.000Z,0,0,23.60650062561035
2025-11-19T14:00:00.000Z,0,0,24.056499481201172
2025-11-19T15:00:00.000Z,0,0,24.056499481201172
2025-11-19T16:00:00.000Z,0,0,23.35650062561035
2025-11-19T17:00:00.000Z,0,0,22.006500244140625
2025-11-19T18:00:00.000Z,0,0,20.456501007080078
2025-11-19T19:00:00.000Z,0,0,19.456501007080078
2025-11-19T20:00:00.000Z,0,0,17.956501007080078
2025-11-19T21:00:00.000Z,0,0,17.056499481201172
2025-11-19T22:00:00.000Z,0,0,16.4064998626709
2025-11-19T23:00:00.000Z,0,0,15.156499862670898
2025-11-20T00:00:00.000Z,0,0,14.556500434875488
2025-11-20T01:00:00.000Z,0,0,13.856500625610352
2025-11-20T02:00:00.000Z,0,0,13.556500434875488
2025-11-20T03:00:00.000Z,0,0,13.756500244140625
2025-11-20T04:00:00.000Z,0,0,13.956500053405762
2025-11-20T05:00:00.000Z,0,0,14.856500625610352
2025-11-20T06:00:00.000Z,0,0,14.556500434875488
2025-11-20T07:00:00.000Z,0,0,15.856500625610352
2025-11-20T08:00:00.000Z,0,0,17.556499481201172
2025-11-20T09:00:00.000Z,0,0,18.556499481201172
2025-11-20T10:00:00.000Z,0,2,20.85650062561035
2025-11-20T11:00:00.000Z,0,2,23.306499481201172
2025-11-20T12:00:00.000Z,0,0,24.806499481201172
2025-11-20T13:00:00.000Z,0,0,25.9064998626709
2025-11-20T14:00:00.000Z,0,0,25.85650062561035
2025-11-20T15:00:00.000Z,0,0,25.806499481201172
2025-11-20T16:00:00.000Z,0,0,25.456501007080078
2025-11-20T17:00:00.000Z,0,0,22.35650062561035
2025-11-20T18:00:00.000Z,0,0,19.956501007080078
2025-11-20T19:00:00.000Z,0,0,19.256500244140625
2025-11-20T20:00:00.000Z,0,0,18.1564998626709
2025-11-20T21:00:00.000Z,0,0,17.4064998626709
2025-11-20T22:00:00.000Z,0,0,16.506500244140625
2025-11-20T23:00:00.000Z,0,0,16.506500244140625
2025-11-21T00:00:00.000Z,0,0,16.006500244140625
2025-11-21T01:00:00.000Z,0,0,15.406499862670898
2025-11-21T02:00:00.000Z,0,0,15.156499862670898
2025-11-21T03:00:00.000Z,0,0,14.706500053405762
2025-11-21T04:00:00.000Z,0,0,14.206500053405762
2025-11-21T05:00:00.000Z,0,0,13.606500625610352
2025-11-21T06:00:00.000Z,0,0,13.806500434875488
2025-11-21T07:00:00.000Z,0,0,13.656499862670898
2025-11-21T08:00:00.000Z,0,0,15.756500244140625
2025-11-21T09:00:00.000Z,0,0,17.506500244140625
2025-11-21T10:00:00.000Z,0,1,17.706501007080078
2025-11-21T11:00:00.000Z,0,3,18.556499481201172
2025-11-21T12:00:00.000Z,0,16,19.206501007080078
2025-11-21T13:00:00.000Z,0,16,20.256500244140625
2025-11-21T14:00:00.000Z,0.10000000149011612,24,19.60650062561035
2025-11-21T15:00:00.000Z,0,26,19.60650062561035
2025-11-21T16:00:00.000Z,0.6000000238418579,35,19.056499481201172
2025-11-21T17:00:00.000Z,0,14,18.506500244140625
2025-11-21T18:00:00.000Z,0.10000000149011612,12,19.056499481201172
2025-11-21T19:00:00.000Z,0,6,19.256500244140625
2025-11-21T20:00:00.000Z,0,2,18.256500244140625
2025-11-21T21:00:00.000Z,0,4,18.556499481201172
2025-11-21T22:00:00.000Z,0,3,19.006500244140625
2025-11-21T23:00:00.000Z,0,2,19.056499481201172
2025-11-22T00:00:00.000Z,0,3,19.306499481201172
2025-11-22T01:00:00.000Z,0,6,19.956501007080078
2025-11-22T02:00:00.000Z,0,15,20.10650062561035
2025-11-22T03:00:00.000Z,0,18,20.306499481201172
2025-11-22T04:00:00.000Z,0,12,20.206501007080078
2025-11-22T05:00:00.000Z,0.5,10,20.1564998626709
2025-11-22T06:00:00.000Z,0.10000000149011612,3,20.35650062561035
2025-11-22T07:00:00.000Z,0.30000001192092896,8,20.206501007080078
2025-11-22T08:00:00.000Z,0,7,20.006500244140625
2025-11-22T09:00:00.000Z,0,2,20.556499481201172
2025-11-22T10:00:00.000Z,0,4,20.85650062561035
2025-11-22T11:00:00.000Z,0,5,21.806499481201172
2025-11-22T12:00:00.000Z,0,3,22.056499481201172
2025-11-22T13:00:00.000Z,0,2,22.9064998626709
2025-11-22T14:00:00.000Z,0,1,23.706501007080078
2025-11-22T15:00:00.000Z,0,3,23.806499481201172
2025-11-22T16:00:00.000Z,0,6,22.756500244140625
2025-11-22T17:00:00.000Z,0,1,21.306499481201172
2025-11-22T18:00:00.000Z,0,5,20.1564998626709
2025-11-22T19:00:00.000Z,0,2,19.6564998626709
2025-11-22T20:00:00.000Z,0,1,19.456501007080078
2025-11-22T21:00:00.000Z,0,0,19.1564998626709
2025-11-22T22:00:00.000Z,0,0,18.6564998626709
2025-11-22T23:00:00.000Z,0,0,17.806499481201172
2025-11-23T00:00:00.000Z,0,0,18.206501007080078
2025-11-23T01:00:00.000Z,0,0,18.4064998626709
2025-11-23T02:00:00.000Z,0,0,18.206501007080078
2025-11-23T03:00:00.000Z,0,0,17.60650062561035
2025-11-23T04:00:00.000Z,0,0,16.85650062561035
2025-11-23T05:00:00.000Z,0,0,16.35650062561035
2025-11-23T06:00:00.000Z,0,0,16.006500244140625
2025-11-23T07:00:00.000Z,0,0,15.656499862670898
2025-11-23T08:00:00.000Z,0,0,16.756500244140625
2025-11-23T09:00:00.000Z,0,0,17.85650062561035
2025-11-23T10:00:00.000Z,0,0,19.85650062561035
2025-11-23T11:00:00.000Z,0,0,21.85650062561035
2025-11-23T12:00:00.000Z,0,0,23.206501007080078
2025-11-23T13:00:00.000Z,0,0,23.456501007080078
2025-11-23T14:00:00.000Z,0,0,24.056499481201172
2025-11-23T15:00:00.000Z,0,0,23.806499481201172
2025-11-23T16:00:00.000Z,0,0,22.806499481201172
2025-11-23T17:00:00.000Z,0,0,20.006500244140625
2025-11-23T18:00:00.000Z,0,0,18.306499481201172
2025-11-23T19:00:00.000Z,0,0,16.10650062561035
2025-11-23T20:00:00.000Z,0,0,15.106500625610352
2025-11-23T21:00:00.000Z,0,0,14.506500244140625
2025-11-23T22:00:00.000Z,0,0,13.706500053405762
2025-11-23T23:00:00.000Z,0,0,12.706500053405762
2025-11-24T00:00:00.000Z,0,0,12.056500434875488
2025-11-24T01:00:00.000Z,0,0,11.806500434875488
2025-11-24T02:00:00.000Z,0,0,11.856500625610352
2025-11-24T03:00:00.000Z,0,0,11.556500434875488
2025-11-24T04:00:00.000Z,0,0,11.506500244140625
2025-11-24T05:00:00.000Z,0,0,11.056500434875488
2025-11-24T06:00:00.000Z,0,0,11.406499862670898
2025-11-24T07:00:00.000Z,0,0,12.106500625610352
2025-11-24T08:00:00.000Z,0,0,15.706500053405762
2025-11-24T09:00:00.000Z,0,0,18.9064998626709
2025-11-24T10:00:00.000Z,0,0,20.806499481201172
2025-11-24T11:00:00.000Z,0,0,23.256500244140625
2025-11-24T12:00:00.000Z,0,0,24.1564998626709
2025-11-24T13:00:00.000Z,0,0,24.556499481201172
2025-11-24T14:00:00.000Z,0,0,24.6564998626709
2025-11-24T15:00:00.000Z,0,0,24.506500244140625
2025-11-24T16:00:00.000Z,0,0,24.256500244140625
2025-11-24T17:00:00.000Z,0,0,21.1564998626709
2025-11-24T18:00:00.000Z,0,0,19.6564998626709
2025-11-24T19:00:00.000Z,0,0,18.806499481201172
2025-11-24T20:00:00.000Z,0,0,17.806499481201172
2025-11-24T21:00:00.000Z,0,0,17.9064998626709
2025-11-24T22:00:00.000Z,0,0,17.006500244140625
2025-11-24T23:00:00.000Z,0,2,17.706501007080078
2025-11-25T00:00:00.000Z,0,8,18.556499481201172
2025-11-25T01:00:00.000Z,0,20,18.706501007080078
2025-11-25T02:00:00.000Z,0,13,19.4064998626709
2025-11-25T03:00:00.000Z,0,16,18.456501007080078
2025-11-25T04:00:00.000Z,0,14,18.60650062561035
2025-11-25T05:00:00.000Z,0,13,18.306499481201172
2025-11-25T06:00:00.000Z,0,2,17.4064998626709
2025-11-25T07:00:00.000Z,0,1,17.756500244140625
2025-11-25T08:00:00.000Z,0,3,18.35650062561035
2025-11-25T09:00:00.000Z,0,2,19.35650062561035
2025-11-25T10:00:00.000Z,0,3,19.206501007080078
2025-11-25T11:00:00.000Z,0,1,20.35650062561035
2025-11-25T12:00:00.000Z,0,2,22.956501007080078
2025-11-25T13:00:00.000Z,0,7,23.9064998626709
2025-11-25T14:00:00.000Z,0,13,24.556499481201172
2025-11-25T15:00:00.000Z,0,17,24.706501007080078
2025-11-25T16:00:00.000Z,0,20,24.9064998626709
2025-11-25T17:00:00.000Z,0.20000000298023224,33,22.35650062561035
2025-11-25T18:00:00.000Z,0,29,20.4064998626709
2025-11-25T19:00:00.000Z,0.7000000476837158,43,20.206501007080078
2025-11-25T20:00:00.000Z,7.099999904632568,63,19.956501007080078
2025-11-25T21:00:00.000Z,1.5,73,19.6564998626709
2025-11-25T22:00:00.000Z,0.10000000149011612,63,19.456501007080078
2025-11-25T23:00:00.000Z,0.20000000298023224,38,19.556499481201172
2025-11-26T00:00:00.000Z,0,19,19.1564998626709
2025-11-26T01:00:00.000Z,0,18,18.85650062561035
2025-11-26T02:00:00.000Z,0,1,18.10650062561035
2025-11-26T03:00:00.000Z,0,0,17.10650062561035
2025-11-26T04:00:00.000Z,0,0,16.256500244140625
2025-11-26T05:00:00.000Z,0,0,15.006500244140625
2025-11-26T06:00:00.000Z,0,0,14.206500053405762
2025-11-26T07:00:00.000Z,0,0,13.806500434875488
2025-11-26T08:00:00.000Z,0,0,15.256500244140625
2025-11-26T09:00:00.000Z,0,0,16.506500244140625
2025-11-26T10:00:00.000Z,0,0,18.456501007080078
2025-11-26T11:00:00.000Z,0,0,19.306499481201172
2025-11-26T12:00:00.000Z,0,0,19.456501007080078
2025-11-26T13:00:00.000Z,0,0,19.85650062561035
2025-11-26T14:00:00.000Z,0,0,20.10650062561035
2025-11-26T15:00:00.000Z,0,0,19.756500244140625
2025-11-26T16:00:00.000Z,0,0,18.35650062561035
2025-11-26T17:00:00.000Z,0,0,16.306499481201172
2025-11-26T18:00:00.000Z,0,0,14.306500434875488
2025-11-26T19:00:00.000Z,0,0,13.006500244140625
2025-11-26T20:00:00.000Z,0,0,12.406499862670898
2025-11-26T21:00:00.000Z,0,0,10.856500625610352
2025-11-26T22:00:00.000Z,0,0,9.256500244140625
2025-11-26T23:00:00.000Z,0,0,8.356500625610352
2025-11-27T00:00:00.000Z,0,0,7.606499671936035
2025-11-27T01:00:00.000Z,0,0,6.7064995765686035
2025-11-27T02:00:00.000Z,0,0,5.856499671936035
2025-11-27T03:00:00.000Z,0,0,5.156499862670898
2025-11-27T04:00:00.000Z,0,0,4.106499671936035
2025-11-27T05:00:00.000Z,0,0,3.6565001010894775
2025-11-27T06:00:00.000Z,0,0,2.8564999103546143
2025-11-27T07:00:00.000Z,0,0,3.1064999103546143
2025-11-27T08:00:00.000Z,0,0,5.006499767303467
2025-11-27T09:00:00.000Z,0,0,7.30649995803833
2025-11-27T10:00:00.000Z,0,0,9.006500244140625
2025-11-27T11:00:00.000Z,0,0,10.606500625610352
2025-11-27T12:00:00.000Z,0,0,12.056500434875488
2025-11-27T13:00:00.000Z,0,0,12.656499862670898
2025-11-27T14:00:00.000Z,0,0,12.756500244140625
2025-11-27T15:00:00.000Z,0,0,12.156499862670898
2025-11-27T16:00:00.000Z,0,0,11.156499862670898
2025-11-27T17:00:00.000Z,0,0,9.256500244140625
2025-11-27T18:00:00.000Z,0,0,7.656499862670898
2025-11-27T19:00:00.000Z,0,0,6.406499862670898
2025-11-27T20:00:00.000Z,0,0,5.30649995803833
2025-11-27T21:00:00.000Z,0,0,4.4564995765686035
2025-11-27T22:00:00.000Z,0,0,3.4565000534057617
2025-11-27T23:00:00.000Z,0,0,2.256500005722046
2025-11-28T00:00:00.000Z,0,0,1.6065000295639038
2025-11-28T01:00:00.000Z,0,0,1.3565000295639038
2025-11-28T02:00:00.000Z,0,0,0.906499981880188
2025-11-28T03:00:00.000Z,0,0,0.4065000116825104
2025-11-28T04:00:00.000Z,0,0,0.2565000057220459
2025-11-28T05:00:00.000Z,0,0,-0.09350000321865082
2025-11-28T06:00:00.000Z,0,0,-0.2434999942779541
2025-11-28T07:00:00.000Z,0,0,0.05650000274181366
2025-11-28T08:00:00.000Z,0,0,2.506500005722046
2025-11-28T09:00:00.000Z,0,0,4.9564995765686035
2025-11-28T10:00:00.000Z,0,0,7.156499862670898
2025-11-28T11:00:00.000Z,0,0,8.606500625610352
2025-11-28T12:00:00.000Z,0,0,9.606500625610352
2025-11-28T13:00:00.000Z,0,0,10.456500053405762
2025-11-28T14:00:00.000Z,0,0,10.856500625610352
2025-11-28T15:00:00.000Z,0,0,10.656499862670898
2025-11-28T16:00:00.000Z,0,0,9.656499862670898
2025-11-28T17:00:00.000Z,0,0,7.4564995765686035
2025-11-28T18:00:00.000Z,0,0,5.406499862670898
2025-11-28T19:00:00.000Z,0,0,4.156499862670898
2025-11-28T20:00:00.000Z,0,0,2.9065001010894775
2025-11-28T21:00:00.000Z,0,0,2.05649995803833
2025-11-28T22:00:00.000Z,0,0,1.4565000534057617
2025-11-28T23:00:00.000Z,0,0,1.3565000295639038
2025-11-29T00:00:00.000Z,0,0,1.05649995803833
2025-11-29T01:00:00.000Z,0,0,0.7064999938011169
2025-11-29T02:00:00.000Z,0,0,0.8565000295639038
2025-11-29T03:00:00.000Z,0,0,1.30649995803833
2025-11-29T04:00:00.000Z,0,0,1.406499981880188
2025-11-29T05:00:00.000Z,0,0,1.30649995803833
2025-11-29T06:00:00.000Z,0,0,1.1065000295639038
2025-11-29T07:00:00.000Z,0,0,1.6065000295639038
2025-11-29T08:00:00.000Z,0,0,4.7064995765686035
2025-11-29T09:00:00.000Z,0,0,7.856499671936035
2025-11-29T10:00:00.000Z,0,0,9.956500053405762
2025-11-29T11:00:00.000Z,0,0,11.306500434875488
2025-11-29T12:00:00.000Z,0,0,12.456500053405762
2025-11-29T13:00:00.000Z,0,0,13.206500053405762
2025-11-29T14:00:00.000Z,0,0,13.806500434875488
2025-11-29T15:00:00.000Z,0,0,13.506500244140625
2025-11-29T16:00:00.000Z,0,0,12.706500053405762
2025-11-29T17:00:00.000Z,0,0,11.156499862670898
2025-11-29T18:00:00.000Z,0,0,10.256500244140625
2025-11-29T19:00:00.000Z,0,0,9.806500434875488
2025-11-29T20:00:00.000Z,0,0,9.706500053405762
2025-11-29T21:00:00.000Z,0,1,9.606500625610352
2025-11-29T22:00:00.000Z,0,1,10.606500625610352
2025-11-29T23:00:00.000Z,0,1,10.356500625610352
2025-11-30T00:00:00.000Z,0,4,10.056500434875488
2025-11-30T01:00:00.000Z,0,1,10.406499862670898
2025-11-30T02:00:00.000Z,0,4,9.806500434875488
2025-11-30T03:00:00.000Z,0,2,10.106500625610352
2025-11-30T04:00:00.000Z,0,3,10.406499862670898
2025-11-30T05:00:00.000Z,0,10,9.656499862670898
2025-11-30T06:00:00.000Z,0,1,9.506500244140625
2025-11-30T07:00:00.000Z,0,1,9.406499862670898
2025-11-30T08:00:00.000Z,0,1,10.256500244140625
2025-11-30T09:00:00.000Z,0,2,12.006500244140625
2025-11-30T10:00:00.000Z,0,2,13.506500244140625
2025-11-30T11:00:00.000Z,0,2,13.406499862670898
2025-11-30T12:00:00.000Z,0,4,12.306500434875488
2025-11-30T13:00:00.000Z,0,7,12.006500244140625
2025-11-30T14:00:00.000Z,0,8,12.006500244140625
2025-11-30T15:00:00.000Z,0,24,11.956500053405762
2025-11-30T16:00:00.000Z,1,37,10.256500244140625
2025-11-30T17:00:00.000Z,0.5,32,10.156499862670898
2025-11-30T18:00:00.000Z,0.30000001192092896,25,9.856500625610352
2025-11-30T19:00:00.000Z,0.10000000149011612,15,9.406499862670898
2025-11-30T20:00:00.000Z,0,11,9.356500625610352
2025-11-30T21:00:00.000Z,0,7,9.106500625610352
2025-11-30T22:00:00.000Z,0,2,8.856500625610352
2025-11-30T23:00:00.000Z,0,1,9.056500434875488
2025-12-01T00:00:00.000Z,0,1,8.906499862670898
2025-12-01T01:00:00.000Z,0,0,8.506500244140625
2025-12-01T02:00:00.000Z,0,0,8.106500625610352
2025-12-01T03:00:00.000Z,0,0,7.856499671936035
2025-12-01T04:00:00.000Z,0,0,7.606499671936035
2025-12-01T05:00:00.000Z,0,0,6.756499767303467
2025-12-01T06:00:00.000Z,0,0,5.856499671936035
2025-12-01T07:00:00.000Z,0,0,5.55649995803833
2025-12-01T08:00:00.000Z,0,0,6.006499767303467
2025-12-01T09:00:00.000Z,0,1,7.406499862670898
2025-12-01T10:00:00.000Z,0,1,8.756500244140625
2025-12-01T11:00:00.000Z,0,1,9.656499862670898
2025-12-01T12:00:00.000Z,0,2,11.256500244140625
2025-12-01T13:00:00.000Z,0,2,12.406499862670898
2025-12-01T14:00:00.000Z,0,2,12.156499862670898
2025-12-01T15:00:00.000Z,0,6,11.756500244140625
2025-12-01T16:00:00.000Z,0,4,11.856500625610352
2025-12-01T17:00:00.000Z,0,3,11.606500625610352
2025-12-01T18:00:00.000Z,0,7,11.206500053405762
2025-12-01T19:00:00.000Z,0.7000000476837158,38,10.456500053405762
2025-12-01T20:00:00.000Z,1.5999999046325684,87,9.956500053405762
2025-12-01T21:00:00.000Z,3.4000000953674316,97,10.006500244140625
2025-12-01T22:00:00.000Z,0.800000011920929,92,9.956500053405762
2025-12-01T23:00:00.000Z,2.5,99,9.756500244140625
2025-12-02T00:00:00.000Z,0.699999988079071,100,9.556500434875488
2025-12-02T01:00:00.000Z,2.3000001907348633,100,9.356500625610352
2025-12-02T02:00:00.000Z,4,100,9.456500053405762
2025-12-02T03:00:00.000Z,1,99,9.606500625610352
2025-12-02T04:00:00.000Z,0.30000001192092896,87,9.856500625610352
2025-12-02T05:00:00.000Z,0,47,10.256500244140625
2025-12-02T06:00:00.000Z,0,25,9.756500244140625
2025-12-02T07:00:00.000Z,0,5,9.906499862670898
2025-12-02T08:00:00.000Z,0,6,10.456500053405762
2025-12-02T09:00:00.000Z,0,5,11.356500625610352
2025-12-02T10:00:00.000Z,0,1,10.806500434875488
2025-12-02T11:00:00.000Z,0,0,12.156499862670898
2025-12-02T12:00:00.000Z,0,0,11.656499862670898
2025-12-02T13:00:00.000Z,0,0,10.806500434875488
2025-12-02T14:00:00.000Z,0,0,9.506500244140625
2025-12-02T15:00:00.000Z,0,0,8.706500053405762
2025-12-02T16:00:00.000Z,0,0,7.55649995803833
2025-12-02T17:00:00.000Z,0,0,6.506499767303467
2025-12-02T18:00:00.000Z,0,0,6.156499862670898
2025-12-02T19:00:00.000Z,0,0,5.356499671936035
2025-12-02T20:00:00.000Z,0,0,4.356499671936035
2025-12-02T21:00:00.000Z,0,0,3.9565000534057617
2025-12-02T22:00:00.000Z,0,0,3.7065000534057617
2025-12-02T23:00:00.000Z,0,0,3.2065000534057617
2025-12-03T00:00:00.000Z,0,0,2.9065001010894775
2025-12-03T01:00:00.000Z,0,0,2.506500005722046
2025-12-03T02:00:00.000Z,0,0,2.1565001010894775
2025-12-03T03:00:00.000Z,0,0,1.9565000534057617
2025-12-03T04:00:00.000Z,0,0,1.80649995803833
2025-12-03T05:00:00.000Z,0,0,1.756500005722046
2025-12-03T06:00:00.000Z,0,0,1.4565000534057617
2025-12-03T07:00:00.000Z,0,0,1.3565000295639038
2025-12-03T08:00:00.000Z,0,0,1.4565000534057617
2025-12-03T09:00:00.000Z,0,0,1.906499981880188
2025-12-03T10:00:00.000Z,0,0,2.30649995803833
2025-12-03T11:00:00.000Z,0,0,3.006500005722046
2025-12-03T12:00:00.000Z,0,0,4.606499671936035
2025-12-03T13:00:00.000Z,0,0,5.906499862670898
2025-12-03T14:00:00.000Z,0,0,7.55649995803833
2025-12-03T15:00:00.000Z,0,0,8.056500434875488
2025-12-03T16:00:00.000Z,0,0,7.656499862670898
2025-12-03T17:00:00.000Z,0,0,6.656499862670898
2025-12-03T18:00:00.000Z,0,0,5.906499862670898
2025-12-03T19:00:00.000Z,0,0,5.156499862670898
2025-12-03T20:00:00.000Z,0,0,4.106499671936035
2025-12-03T21:00:00.000Z,0,0,3.3564999103546143
2025-12-03T22:00:00.000Z,0,0,2.9065001010894775
2025-12-03T23:00:00.000Z,0,0,2.3564999103546143
2025-12-04T00:00:00.000Z,0,0,1.80649995803833
2025-12-04T01:00:00.000Z,0,0,1.55649995803833
2025-12-04T02:00:00.000Z,0,0,1.55649995803833
2025-12-04T03:00:00.000Z,0,0,1.3565000295639038
2025-12-04T04:00:00.000Z,0,0,1.8565000295639038
2025-12-04T05:00:00.000Z,0,0,2.1565001010894775
2025-12-04T06:00:00.000Z,0,10,3.05649995803833
2025-12-04T07:00:00.000Z,0,13,4.006499767303467
2025-12-04T08:00:00.000Z,0.20000000298023224,26,4.156499862670898
2025-12-04T09:00:00.000Z,0.4000000059604645,39,4.906499862670898
2025-12-04T10:00:00.000Z,0.5,67,5.7064995765686035
2025-12-04T11:00:00.000Z,0.10000000149011612,86,5.906499862670898
2025-12-04T12:00:00.000Z,0.20000000298023224,80,6.30649995803833
2025-12-04T13:00:00.000Z,0.20000000298023224,85,6.4564995765686035
2025-12-04T14:00:00.000Z,0.20000000298023224,39,6.406499862670898
2025-12-04T15:00:00.000Z,0,18,6.80649995803833
2025-12-04T16:00:00.000Z,0,6,6.756499767303467
2025-12-04T17:00:00.000Z,0,4,6.55649995803833
2025-12-04T18:00:00.000Z,0,4,6.506499767303467
2025-12-04T19:00:00.000Z,0,25,6.4564995765686035
2025-12-04T20:00:00.000Z,0.6000000238418579,24,6.7064995765686035
2025-12-04T21:00:00.000Z,0.4000000059604645,34,6.80649995803833
2025-12-04T22:00:00.000Z,0.4000000059604645,31,6.856499671936035
2025-12-04T23:00:00.000Z,0.4000000059604645,35,7.05649995803833
2025-12-05T00:00:00.000Z,0.6000000238418579,47,7.05649995803833
2025-12-05T01:00:00.000Z,0.4000000059604645,49,6.856499671936035
2025-12-05T02:00:00.000Z,0.30000001192092896,44,6.9564995765686035
2025-12-05T03:00:00.000Z,0.7000000476837158,40,7.05649995803833
2025-12-05T04:00:00.000Z,0.20000000298023224,23,7.2064995765686035
2025-12-05T05:00:00.000Z,0.800000011920929,34,7.356499671936035
2025-12-05T06:00:00.000Z,0.10000000149011612,25,7.55649995803833
2025-12-05T07:00:00.000Z,0.5,32,7.55649995803833
2025-12-05T08:00:00.000Z,0.30000001192092896,18,7.406499862670898
2025-12-05T09:00:00.000Z,0.20000000298023224,12,7.606499671936035
2025-12-05T10:00:00.000Z,0,10,7.856499671936035
2025-12-05T11:00:00.000Z,0.10000000149011612,6,8.206500053405762
2025-12-05T12:00:00.000Z,0,13,8.856500625610352
2025-12-05T13:00:00.000Z,0,18,8.956500053405762
2025-12-05T14:00:00.000Z,0,16,8.906499862670898
2025-12-05T15:00:00.000Z,0,4,8.906499862670898
2025-12-05T16:00:00.000Z,0,3,8.656499862670898
2025-12-05T17:00:00.000Z,0,1,8.506500244140625
2025-12-05T18:00:00.000Z,0,6,8.456500053405762
2025-12-05T19:00:00.000Z,0,13,8.206500053405762
2025-12-05T20:00:00.000Z,0,3,7.606499671936035
2025-12-05T21:00:00.000Z,0,6,7.4564995765686035
2025-12-05T22:00:00.000Z,0,4,7.356499671936035
2025-12-05T23:00:00.000Z,0,7,7.30649995803833
2025-12-06T00:00:00.000Z,0,3,7.30649995803833
2025-12-06T01:00:00.000Z,0,2,7.2064995765686035
2025-12-06T02:00:00.000Z,0,3,7.05649995803833
2025-12-06T03:00:00.000Z,0,5,6.7064995765686035
2025-12-06T04:00:00.000Z,0,4,6.906499862670898
2025-12-06T05:00:00.000Z,0,4,7.05649995803833
2025-12-06T06:00:00.000Z,0,4,6.9564995765686035
2025-12-06T07:00:00.000Z,0,7,7.106499671936035
2025-12-06T08:00:00.000Z,0.4000000059604645,18,7.106499671936035
2025-12-06T09:00:00.000Z,0.20000000298023224,24,7.256499767303467
2025-12-06T10:00:00.000Z,1,66,7.55649995803833
2025-12-06T11:00:00.000Z,1.100000023841858,68,7.356499671936035
2025-12-06T12:00:00.000Z,0.800000011920929,48,7.9564995765686035
2025-12-06T13:00:00.000Z,0.10000000149011612,24,7.9564995765686035
2025-12-06T14:00:00.000Z,0,8,8.306500434875488
2025-12-06T15:00:00.000Z,0,3,8.156499862670898
2025-12-06T16:00:00.000Z,0,1,8.056500434875488
2025-12-06T17:00:00.000Z,0,0,8.106500625610352
2025-12-06T18:00:00.000Z,0,0,7.9564995765686035
2025-12-06T19:00:00.000Z,0,0,7.7064995765686035
2025-12-06T20:00:00.000Z,0,0,7.506499767303467
2025-12-06T21:00:00.000Z,0,0,7.506499767303467
2025-12-06T22:00:00.000Z,0,0,7.05649995803833
2025-12-06T23:00:00.000Z,0,0,7.106499671936035
2025-12-07T00:00:00.000Z,0,0,7.2064995765686035
2025-12-07T01:00:00.000Z,0,0,7.05649995803833
2025-12-07T02:00:00.000Z,0,0,6.406499862670898
2025-12-07T03:00:00.000Z,0,0,6.606499671936035
2025-12-07T04:00:00.000Z,0,0,6.30649995803833
2025-12-07T05:00:00.000Z,0,0,6.05649995803833
2025-12-07T06:00:00.000Z,0,0,5.656499862670898
2025-12-07T07:00:00.000Z,0,0,6.106499671936035
2025-12-07T08:00:00.000Z,0,0,6.606499671936035
2025-12-07T09:00:00.000Z,0,1,6.756499767303467
2025-12-07T10:00:00.000Z,0,2,6.7064995765686035
2025-12-07T11:00:00.000Z,0,3,7.05649995803833
2025-12-07T12:00:00.000Z,0,3,7.856499671936035
2025-12-07T13:00:00.000Z,0,2,7.9564995765686035
2025-12-07T14:00:00.000Z,0,1,8.306500434875488
2025-12-07T15:00:00.000Z,0,2,8.356500625610352
2025-12-07T16:00:00.000Z,0,0,8.106500625610352
2025-12-07T17:00:00.000Z,0,0,8.056500434875488
2025-12-07T18:00:00.000Z,0,1,8.156499862670898
2025-12-07T19:00:00.000Z,0,1,8.206500053405762
2025-12-07T20:00:00.000Z,0,1,8.256500244140625
2025-12-07T21:00:00.000Z,0,1,8.056500434875488
2025-12-07T22:00:00.000Z,0,1,7.906499862670898
2025-12-07T23:00:00.000Z,0,1,7.906499862670898
2025-12-08T00:00:00.000Z,0,3,7.656499862670898
2025-12-08T01:00:00.000Z,0,9,7.356499671936035
2025-12-08T02:00:00.000Z,0,40,7.356499671936035
2025-12-08T03:00:00.000Z,0,40,7.30649995803833
2025-12-08T04:00:00.000Z,0,19,7.30649995803833
2025-12-08T05:00:00.000Z,0,7,7.256499767303467
2025-12-08T06:00:00.000Z,0,0,7.156499862670898
2025-12-08T07:00:00.000Z,0,0,7.05649995803833
2025-12-08T08:00:00.000Z,0,0,7.256499767303467
2025-12-08T09:00:00.000Z,0,0,7.356499671936035
2025-12-08T10:00:00.000Z,0,0,7.55649995803833
2025-12-08T11:00:00.000Z,0,0,7.406499862670898
2025-12-08T12:00:00.000Z,0,0,8.456500053405762
2025-12-08T13:00:00.000Z,0,0,9.606500625610352
2025-12-08T14:00:00.000Z,0,0,9.056500434875488
2025-12-08T15:00:00.000Z,0,0,8.856500625610352
2025-12-08T16:00:00.000Z,0,0,8.506500244140625
2025-12-08T17:00:00.000Z,0,0,7.506499767303467
2025-12-08T18:00:00.000Z,0,0,5.856499671936035
2025-12-08T19:00:00.000Z,0,0,5.006499767303467
2025-12-08T20:00:00.000Z,0,0,4.606499671936035
2025-12-08T21:00:00.000Z,0,0,3.756500005722046
2025-12-08T22:00:00.000Z,0,0,3.1064999103546143
2025-12-08T23:00:00.000Z,0,0,2.7065000534057617
2025-12-09T00:00:00.000Z,0,0,2.006500005722046
2025-12-09T01:00:00.000Z,0,0,1.55649995803833
2025-12-09T02:00:00.000Z,0,0,0.906499981880188
2025-12-09T03:00:00.000Z,0,0,0.20650000870227814
2025-12-09T04:00:00.000Z,0,0,-0.5435000061988831
2025-12-09T05:00:00.000Z,0,0,-0.44349998235702515
2025-12-09T06:00:00.000Z,0,0,-0.5435000061988831
2025-12-09T07:00:00.000Z,0,0,-0.2434999942779541
2025-12-09T08:00:00.000Z,0,0,1.756500005722046
2025-12-09T09:00:00.000Z,0,0,4.756499767303467
2025-12-09T10:00:00.000Z,0,0,7.006499767303467
2025-12-09T11:00:00.000Z,0,0,8.056500434875488
2025-12-09T12:00:00.000Z,0,0,9.056500434875488
2025-12-09T13:00:00.000Z,0,0,9.906499862670898
2025-12-09T14:00:00.000Z,0,0,10.206500053405762
2025-12-09T15:00:00.000Z,0,0,10.256500244140625
2025-12-09T16:00:00.000Z,0,0,9.306500434875488
2025-12-09T17:00:00.000Z,0,0,6.80649995803833
2025-12-09T18:00:00.000Z,0,0,4.9564995765686035
2025-12-09T19:00:00.000Z,0,0,3.9065001010894775
2025-12-09T20:00:00.000Z,0,0,3.1565001010894775
2025-12-09T21:00:00.000Z,0,0,2.3564999103546143
2025-12-09T22:00:00.000Z,0,0,1.80649995803833
2025-12-09T23:00:00.000Z,0,0,1.406499981880188
2025-12-10T00:00:00.000Z,0,0,0.906499981880188
2025-12-10T01:00:00.000Z,0,0,1.4565000534057617
2025-12-10T02:00:00.000Z,0,0,1.656499981880188
2025-12-10T03:00:00.000Z,0,0,1.55649995803833
2025-12-10T04:00:00.000Z,0,0,1.2065000534057617
2025-12-10T05:00:00.000Z,0,0,0.7064999938011169
2025-12-10T06:00:00.000Z,0,0,0.15650001168251038
2025-12-10T07:00:00.000Z,0,0,0.6065000295639038
2025-12-10T08:00:00.000Z,0,0,2.05649995803833
2025-12-10T09:00:00.000Z,0,0,4.256499767303467
2025-12-10T10:00:00.000Z,0,0,7.106499671936035
2025-12-10T11:00:00.000Z,0,0,10.656499862670898
2025-12-10T12:00:00.000Z,0,0,12.756500244140625
2025-12-10T13:00:00.000Z,0,0,15.356500625610352
2025-12-10T14:00:00.000Z,0,0,15.956500053405762
2025-12-10T15:00:00.000Z,0,0,16.556499481201172
2025-12-10T16:00:00.000Z,0,0,15.156499862670898
2025-12-10T17:00:00.000Z,0,0,14.456500053405762
2025-12-10T18:00:00.000Z,0,0,13.606500625610352
2025-12-10T19:00:00.000Z,0,0,12.806500434875488
2025-12-10T20:00:00.000Z,0,0,11.706500053405762
2025-12-10T21:00:00.000Z,0,0,10.506500244140625
2025-12-10T22:00:00.000Z,0,0,10.006500244140625
2025-12-10T23:00:00.000Z,0,0,8.956500053405762
2025-12-11T00:00:00.000Z,0,0,8.456500053405762
2025-12-11T01:00:00.000Z,0,0,7.4564995765686035
2025-12-11T02:00:00.000Z,0,0,6.80649995803833
2025-12-11T03:00:00.000Z,0,0,6.356499671936035
2025-12-11T04:00:00.000Z,0,0,5.9564995765686035
2025-12-11T05:00:00.000Z,0,0,5.106499671936035
2025-12-11T06:00:00.000Z,0,0,4.2064995765686035
2025-12-11T07:00:00.000Z,0,0,3.7065000534057617
2025-12-11T08:00:00.000Z,0,0,4.856499671936035
2025-12-11T09:00:00.000Z,0,0,6.4564995765686035
2025-12-11T10:00:00.000Z,0,0,8.156499862670898
2025-12-11T11:00:00.000Z,0,0,9.856500625610352
2025-12-11T12:00:00.000Z,0,0,11.056500434875488
2025-12-11T13:00:00.000Z,0,0,12.256500244140625
2025-12-11T14:00:00.000Z,0,0,12.906499862670898
2025-12-11T15:00:00.000Z,0,0,12.906499862670898
2025-12-11T16:00:00.000Z,0,0,12.006500244140625
2025-12-11T17:00:00.000Z,0,0,9.106500625610352
2025-12-11T18:00:00.000Z,0,0,7.05649995803833
2025-12-11T19:00:00.000Z,0,0,5.80649995803833
2025-12-11T20:00:00.000Z,0,0,5.2064995765686035
2025-12-11T21:00:00.000Z,0,0,4.256499767303467
2025-12-11T22:00:00.000Z,0,0,3.8564999103546143
2025-12-11T23:00:00.000Z,0,0,2.9065001010894775
2025-12-12T00:00:00.000Z,0,0,2.80649995803833
2025-12-12T01:00:00.000Z,0,0,2.506500005722046
2025-12-12T02:00:00.000Z,0,0,2.2065000534057617
2025-12-12T03:00:00.000Z,0,0,1.55649995803833
2025-12-12T04:00:00.000Z,0,0,1.656499981880188
2025-12-12T05:00:00.000Z,0,0,1.6065000295639038
2025-12-12T06:00:00.000Z,0,0,1.9565000534057617
2025-12-12T07:00:00.000Z,0,0,1.6065000295639038
2025-12-12T08:00:00.000Z,0,0,4.356499671936035
2025-12-12T09:00:00.000Z,0,0,9.206500053405762
2025-12-12T10:00:00.000Z,0,0,13.106500625610352
2025-12-12T11:00:00.000Z,0,0,15.706500053405762
2025-12-12T12:00:00.000Z,0,0,16.806499481201172
2025-12-12T13:00:00.000Z,0,0,17.9064998626709
2025-12-12T14:00:00.000Z,0,0,18.306499481201172
2025-12-12T15:00:00.000Z,0,0,18.10650062561035
2025-12-12T16:00:00.000Z,0,0,17.456501007080078
2025-12-12T17:00:00.000Z,0,0,14.706500053405762
2025-12-12T18:00:00.000Z,0,0,12.356500625610352
2025-12-12T19:00:00.000Z,0,0,11.506500244140625
2025-12-12T20:00:00.000Z,0,0,10.906499862670898
2025-12-12T21:00:00.000Z,0,0,9.056500434875488
2025-12-12T22:00:00.000Z,0,0,9.106500625610352
2025-12-12T23:00:00.000Z,0,0,8.856500625610352
2025-12-13T00:00:00.000Z,0,0,8.706500053405762
2025-12-13T01:00:00.000Z,0,0,8.906499862670898
2025-12-13T02:00:00.000Z,0,0,8.606500625610352
2025-12-13T03:00:00.000Z,0,0,8.306500434875488
2025-12-13T04:00:00.000Z,0,0,7.80649995803833
2025-12-13T05:00:00.000Z,0,0,8.006500244140625
2025-12-13T06:00:00.000Z,0,0,7.606499671936035
2025-12-13T07:00:00.000Z,0,1,8.656499862670898
2025-12-13T08:00:00.000Z,0,1,11.406499862670898
2025-12-13T09:00:00.000Z,0,0,12.656499862670898
2025-12-13T10:00:00.000Z,0,0,14.906499862670898
2025-12-13T11:00:00.000Z,0,0,17.1564998626709
2025-12-13T12:00:00.000Z,0,0,19.1564998626709
2025-12-13T13:00:00.000Z,0,6,19.506500244140625
2025-12-13T14:00:00.000Z,0.20000000298023224,6,16.35650062561035
2025-12-13T15:00:00.000Z,0,4,16.806499481201172
2025-12-13T16:00:00.000Z,0,5,16.956501007080078
2025-12-13T17:00:00.000Z,0,0,15.606500625610352
2025-12-13T18:00:00.000Z,0,3,15.756500244140625
2025-12-13T19:00:00.000Z,0,11,15.606500625610352
2025-12-13T20:00:00.000Z,0,10,15.906499862670898
2025-12-13T21:00:00.000Z,0,7,15.856500625610352
2025-12-13T22:00:00.000Z,0,21,15.956500053405762
2025-12-13T23:00:00.000Z,0,23,15.956500053405762
2025-12-14T00:00:00.000Z,0,20,16.10650062561035
2025-12-14T01:00:00.000Z,1.899999976158142,39,16.306499481201172
2025-12-14T02:00:00.000Z,1.5,66,16.456501007080078
2025-12-14T03:00:00.000Z,1.2000000476837158,53,16.35650062561035
2025-12-14T04:00:00.000Z,0,24,16.506500244140625
2025-12-14T05:00:00.000Z,0,14,14.906499862670898
2025-12-14T06:00:00.000Z,0,2,11.756500244140625
2025-12-14T07:00:00.000Z,0,7,8.906499862670898
2025-12-14T08:00:00.000Z,0,0,7.506499767303467
2025-12-14T09:00:00.000Z,0,0,6.4564995765686035
2025-12-14T10:00:00.000Z,0,0,7.106499671936035
2025-12-14T11:00:00.000Z,0,0,7.406499862670898
2025-12-14T12:00:00.000Z,0,0,7.55649995803833
2025-12-14T13:00:00.000Z,0,0,7.406499862670898
2025-12-14T14:00:00.000Z,0,0,6.9564995765686035
2025-12-14T15:00:00.000Z,0,0,6.356499671936035
2025-12-14T16:00:00.000Z,0,0,4.856499671936035
2025-12-14T17:00:00.000Z,0,0,3.1064999103546143
2025-12-14T18:00:00.000Z,0,0,1.6065000295639038
2025-12-14T19:00:00.000Z,0,0,0.5565000176429749
2025-12-14T20:00:00.000Z,0,0,-0.3434999883174896
2025-12-14T21:00:00.000Z,0,0,-1.343500018119812
2025-12-14T22:00:00.000Z,0,0,-2.2934999465942383
2025-12-14T23:00:00.000Z,0,0,-3.8935000896453857
2025-12-15T00:00:00.000Z,0,0,-3.8935000896453857
2025-12-15T01:00:00.000Z,0,0,-4.643500328063965
2025-12-15T02:00:00.000Z,0,0,-4.69350004196167
2025-12-15T03:00:00.000Z,0,0,-4.893500328063965
2025-12-15T04:00:00.000Z,0,0,-4.993500232696533
2025-12-15T05:00:00.000Z,0,0,-5.44350004196167
2025-12-15T06:00:00.000Z,0,0,-5.19350004196167
2025-12-15T07:00:00.000Z,0,0,-4.843500137329102
2025-12-15T08:00:00.000Z,0,0,-2.7934999465942383
2025-12-15T09:00:00.000Z,0,0,-0.2434999942779541
2025-12-15T10:00:00.000Z,0,0,2.30649995803833
2025-12-15T11:00:00.000Z,0,0,4.256499767303467
2025-12-15T12:00:00.000Z,0,0,6.4564995765686035
2025-12-15T13:00:00.000Z,0,0,7.9564995765686035
2025-12-15T14:00:00.000Z,0,0,8.806500434875488
2025-12-15T15:00:00.000Z,0,0,8.806500434875488
2025-12-15T16:00:00.000Z,0,0,8.056500434875488
2025-12-15T17:00:00.000Z,0,0,5.156499862670898
2025-12-15T18:00:00.000Z,0,0,3.006500005722046
2025-12-15T19:00:00.000Z,0,0,1.406499981880188
2025-12-15T20:00:00.000Z,0,0,0.4065000116825104
2025-12-15T21:00:00.000Z,0,0,-0.09350000321865082
2025-12-15T22:00:00.000Z,0,0,-0.593500018119812
2025-12-15T23:00:00.000Z,0,0,-1.343500018119812
2025-12-16T00:00:00.000Z,0,0,-2.69350004196167
2025-12-16T01:00:00.000Z,0,0,-3.3935000896453857
2025-12-16T02:00:00.000Z,0,0,-3.94350004196167
2025-12-16T03:00:00.000Z,0,0,-3.94350004196167
2025-12-16T04:00:00.000Z,0,0,-4.0435004234313965
2025-12-16T05:00:00.000Z,0,0,-3.94350004196167
2025-12-16T06:00:00.000Z,0,0,-4.0435004234313965
2025-12-16T07:00:00.000Z,0,0,-4.0435004234313965
2025-12-16T08:00:00.000Z,0,0,-0.5435000061988831
2025-12-16T09:00:00.000Z,0,0,3.3564999103546143
2025-12-16T10:00:00.000Z,0,0,6.9564995765686035
2025-12-16T11:00:00.000Z,0,0,10.256500244140625
2025-12-16T12:00:00.000Z,0,0,12.356500625610352
2025-12-16T13:00:00.000Z,0,0,13.606500625610352
2025-12-16T14:00:00.000Z,0,0,14.506500244140625
2025-12-16T15:00:00.000Z,0,0,14.506500244140625
2025-12-16T16:00:00.000Z,0,0,13.406499862670898
2025-12-16T17:00:00.000Z,0,0,9.656499862670898
2025-12-16T18:00:00.000Z,0,0,7.106499671936035
2025-12-16T19:00:00.000Z,0,0,4.856499671936035
2025-12-16T20:00:00.000Z,0,0,3.8564999103546143
2025-12-16T21:00:00.000Z,0,0,3.1565001010894775
2025-12-16T22:00:00.000Z,0,0,3.30649995803833
2025-12-16T23:00:00.000Z,0,0,3.256500005722046
2025-12-17T00:00:00.000Z,0,0,1.256500005722046
2025-12-17T01:00:00.000Z,0,0,-0.04349999874830246
2025-12-17T02:00:00.000Z,0,0,0.2565000057220459
2025-12-17T03:00:00.000Z,0,0,0.6065000295639038
2025-12-17T04:00:00.000Z,0,0,1.3565000295639038
2025-12-17T05:00:00.000Z,0,0,2.4065001010894775
2025-12-17T06:00:00.000Z,0,0,2.6064999103546143
2025-12-17T07:00:00.000Z,0,0,1.80649995803833
2025-12-17T08:00:00.000Z,0,0,5.406499862670898
2025-12-17T09:00:00.000Z,0,0,10.256500244140625
2025-12-17T10:00:00.000Z,0,0,14.306500434875488
2025-12-17T11:00:00.000Z,0,0,16.256500244140625
2025-12-17T12:00:00.000Z,0,0,16.806499481201172
2025-12-17T13:00:00.000Z,0,0,17.4064998626709
2025-12-17T14:00:00.000Z,0,0,17.806499481201172
2025-12-17T15:00:00.000Z,0,0,17.6564998626709
2025-12-17T16:00:00.000Z,0,0,16.556499481201172
2025-12-17T17:00:00.000Z,0,0,14.506500244140625
2025-12-17T18:00:00.000Z,0,0,13.106500625610352
2025-12-17T19:00:00.000Z,0,0,12.356500625610352
2025-12-17T20:00:00.000Z,0,0,12.406499862670898
2025-12-17T21:00:00.000Z,0,1,12.206500053405762
2025-12-17T22:00:00.000Z,0,1,12.206500053405762
2025-12-17T23:00:00.000Z,0,2,11.756500244140625
2025-12-18T00:00:00.000Z,0,2,12.506500244140625
2025-12-18T01:00:00.000Z,0,9,12.456500053405762
2025-12-18T02:00:00.000Z,0,3,12.806500434875488
2025-12-18T03:00:00.000Z,0,10,12.956500053405762
2025-12-18T04:00:00.000Z,0,5,13.106500625610352
2025-12-18T05:00:00.000Z,0,5,12.806500434875488
2025-12-18T06:00:00.000Z,0,8,12.856500625610352
2025-12-18T07:00:00.000Z,0.10000000149011612,22,13.556500434875488
2025-12-18T08:00:00.000Z,0.10000000149011612,28,13.106500625610352
2025-12-18T09:00:00.000Z,0.699999988079071,34,13.606500625610352
2025-12-18T10:00:00.000Z,0,27,14.206500053405762
2025-12-18T11:00:00.000Z,0,15,15.106500625610352
2025-12-18T12:00:00.000Z,0,25,15.706500053405762
2025-12-18T13:00:00.000Z,0.4000000059604645,43,15.956500053405762
2025-12-18T14:00:00.000Z,3,84,14.956500053405762
2025-12-18T15:00:00.000Z,0.800000011920929,62,15.156499862670898
2025-12-18T16:00:00.000Z,0,37,15.506500244140625
2025-12-18T17:00:00.000Z,0,17,15.556500434875488
2025-12-18T18:00:00.000Z,0,22,15.806500434875488
2025-12-18T19:00:00.000Z,0,11,16.1564998626709
2025-12-18T20:00:00.000Z,0,7,16.306499481201172
2025-12-18T21:00:00.000Z,0,5,16.756500244140625
2025-12-18T22:00:00.000Z,0,5,16.6564998626709
2025-12-18T23:00:00.000Z,0,5,17.006500244140625
2025-12-19T00:00:00.000Z,3.299999952316284,23,16.956501007080078
2025-12-19T01:00:00.000Z,0.10000000149011612,71,15.306500434875488
2025-12-19T02:00:00.000Z,0,18,11.756500244140625
2025-12-19T03:00:00.000Z,0,1,10.006500244140625
2025-12-19T04:00:00.000Z,0,0,9.306500434875488
2025-12-19T05:00:00.000Z,0,0,8.806500434875488
2025-12-19T06:00:00.000Z,0,0,8.056500434875488
2025-12-19T07:00:00.000Z,0,0,7.506499767303467
2025-12-19T08:00:00.000Z,0,0,8.056500434875488
2025-12-19T09:00:00.000Z,0,0,9.006500244140625
2025-12-19T10:00:00.000Z,0,0,10.506500244140625
2025-12-19T11:00:00.000Z,0,0,11.556500434875488
2025-12-19T12:00:00.000Z,0,0,12.606500625610352
2025-12-19T13:00:00.000Z,0,0,13.406499862670898
2025-12-19T14:00:00.000Z,0,0,14.106500625610352
2025-12-19T15:00:00.000Z,0,0,13.806500434875488
2025-12-19T16:00:00.000Z,0,0,12.506500244140625
2025-12-19T17:00:00.000Z,0,0,10.506500244140625
2025-12-19T18:00:00.000Z,0,0,8.506500244140625
2025-12-19T19:00:00.000Z,0,0,7.006499767303467
2025-12-19T20:00:00.000Z,0,0,5.7064995765686035
2025-12-19T21:00:00.000Z,0,0,4.606499671936035
2025-12-19T22:00:00.000Z,0,0,3.6064999103546143
2025-12-19T23:00:00.000Z,0,0,2.55649995803833
2025-12-20T00:00:00.000Z,0,0,1.8565000295639038
2025-12-20T01:00:00.000Z,0,0,1.80649995803833
2025-12-20T02:00:00.000Z,0,0,1.55649995803833
2025-12-20T03:00:00.000Z,0,0,1.256500005722046
2025-12-20T04:00:00.000Z,0,0,1.1065000295639038
2025-12-20T05:00:00.000Z,0,0,1.006500005722046
2025-12-20T06:00:00.000Z,0,0,1.156499981880188
2025-12-20T07:00:00.000Z,0,0,0.9564999938011169
2025-12-20T08:00:00.000Z,0,0,4.156499862670898
2025-12-20T09:00:00.000Z,0,0,9.156499862670898
2025-12-20T10:00:00.000Z,0,0,12.106500625610352
2025-12-20T11:00:00.000Z,0,0,14.906499862670898
2025-12-20T12:00:00.000Z,0,0,16.85650062561035
2025-12-20T13:00:00.000Z,0,0,18.4064998626709
2025-12-20T14:00:00.000Z,0,0,19.206501007080078
2025-12-20T15:00:00.000Z,0,0,19.256500244140625
2025-12-20T16:00:00.000Z,0,0,18.35650062561035
2025-12-20T17:00:00.000Z,0,0,14.656499862670898
2025-12-20T18:00:00.000Z,0,0,12.356500625610352
2025-12-20T19:00:00.000Z,0,0,10.856500625610352
2025-12-20T20:00:00.000Z,0,0,9.706500053405762
2025-12-20T21:00:00.000Z,0,0,8.806500434875488
2025-12-20T22:00:00.000Z,0,0,8.056500434875488
2025-12-20T23:00:00.000Z,0,0,7.4564995765686035
2025-12-21T00:00:00.000Z,0,0,6.406499862670898
2025-12-21T01:00:00.000Z,0,0,6.05649995803833
2025-12-21T02:00:00.000Z,0,0,5.9564995765686035
2025-12-21T03:00:00.000Z,0,0,8.406499862670898
2025-12-21T04:00:00.000Z,0,0,8.506500244140625
2025-12-21T05:00:00.000Z,0,0,8.606500625610352
2025-12-21T06:00:00.000Z,0,0,8.406499862670898
2025-12-21T07:00:00.000Z,0,0,9.956500053405762
2025-12-21T08:00:00.000Z,0,0,11.656499862670898
2025-12-21T09:00:00.000Z,0,1,13.056500434875488
2025-12-21T10:00:00.000Z,0,3,14.856500625610352
2025-12-21T11:00:00.000Z,0,3,14.956500053405762
2025-12-21T12:00:00.000Z,0,3,14.756500244140625
2025-12-21T13:00:00.000Z,0,3,15.006500244140625
2025-12-21T14:00:00.000Z,0,8,13.656499862670898
2025-12-21T15:00:00.000Z,0,3,14.656499862670898
2025-12-21T16:00:00.000Z,0,1,14.656499862670898
2025-12-21T17:00:00.000Z,0,1,13.306500434875488
2025-12-21T18:00:00.000Z,0,1,13.106500625610352
2025-12-21T19:00:00.000Z,0,0,12.956500053405762
2025-12-21T20:00:00.000Z,0,0,13.106500625610352
2025-12-21T21:00:00.000Z,0,0,12.506500244140625
2025-12-21T22:00:00.000Z,0,0,12.856500625610352
2025-12-21T23:00:00.000Z,0,0,12.656499862670898
2025-12-22T00:00:00.000Z,0,0,12.706500053405762
2025-12-22T01:00:00.000Z,0,0,11.906499862670898
2025-12-22T02:00:00.000Z,0,0,12.006500244140625
2025-12-22T03:00:00.000Z,0,0,12.556500434875488
2025-12-22T04:00:00.000Z,0,0,13.556500434875488
2025-12-22T05:00:00.000Z,0,0,12.356500625610352
2025-12-22T06:00:00.000Z,0,0,13.156499862670898
2025-12-22T07:00:00.000Z,0,0,13.206500053405762
2025-12-22T08:00:00.000Z,0,0,13.006500244140625
2025-12-22T09:00:00.000Z,0,0,13.306500434875488
2025-12-22T10:00:00.000Z,0,0,14.506500244140625
2025-12-22T11:00:00.000Z,0,0,15.756500244140625
2025-12-22T12:00:00.000Z,0,0,16.9064998626709
2025-12-22T13:00:00.000Z,0,0,17.1564998626709
2025-12-22T14:00:00.000Z,0,0,17.35650062561035
2025-12-22T15:00:00.000Z,0,0,17.456501007080078
2025-12-22T16:00:00.000Z,0,0,16.956501007080078
2025-12-22T17:00:00.000Z,0,0,14.856500625610352
2025-12-22T18:00:00.000Z,0,0,14.106500625610352
2025-12-22T19:00:00.000Z,0,0,14.306500434875488
2025-12-22T20:00:00.000Z,0,0,14.056500434875488
2025-12-22T21:00:00.000Z,0,0,14.156499862670898
2025-12-22T22:00:00.000Z,0,0,14.506500244140625
2025-12-22T23:00:00.000Z,0,0,13.556500434875488
2025-12-23T00:00:00.000Z,0,0,13.106500625610352
2025-12-23T01:00:00.000Z,0,0,13.506500244140625
2025-12-23T02:00:00.000Z,0,0,13.206500053405762
2025-12-23T03:00:00.000Z,0,0,13.056500434875488
2025-12-23T04:00:00.000Z,0,0,13.506500244140625
2025-12-23T05:00:00.000Z,0,0,13.856500625610352
2025-12-23T06:00:00.000Z,0,0,13.206500053405762
2025-12-23T07:00:00.000Z,0,0,12.606500625610352
2025-12-23T08:00:00.000Z,0,0,13.356500625610352
2025-12-23T09:00:00.000Z,0,0,14.756500244140625
2025-12-23T10:00:00.000Z,0,0,16.706501007080078
2025-12-23T11:00:00.000Z,0,0,19.10650062561035
2025-12-23T12:00:00.000Z,0,0,20.4064998626709
2025-12-23T13:00:00.000Z,0,0,21.056499481201172
2025-12-23T14:00:00.000Z,0,0,21.956501007080078
2025-12-23T15:00:00.000Z,0,0,22.10650062561035
2025-12-23T16:00:00.000Z,0,0,21.35650062561035
2025-12-23T17:00:00.000Z,0,0,18.85650062561035
2025-12-23T18:00:00.000Z,0,0,16.506500244140625
2025-12-23T19:00:00.000Z,0,0,15.006500244140625
2025-12-23T20:00:00.000Z,0,0,14.306500434875488
2025-12-23T21:00:00.000Z,0,0,13.756500244140625
2025-12-23T22:00:00.000Z,0,0,12.656499862670898
2025-12-23T23:00:00.000Z,0,0,12.106500625610352
2025-12-24T00:00:00.000Z,0,0,11.356500625610352
2025-12-24T01:00:00.000Z,0,0,10.656499862670898
2025-12-24T02:00:00.000Z,0,0,11.006500244140625
2025-12-24T03:00:00.000Z,0,0,10.756500244140625
2025-12-24T04:00:00.000Z,0,0,10.356500625610352
2025-12-24T05:00:00.000Z,0,0,10.606500625610352
2025-12-24T06:00:00.000Z,0,0,11.306500434875488
2025-12-24T07:00:00.000Z,0,0,11.056500434875488
2025-12-24T08:00:00.000Z,0,0,13.356500625610352
2025-12-24T09:00:00.000Z,0,0,16.306499481201172
2025-12-24T10:00:00.000Z,0,0,19.60650062561035
2025-12-24T11:00:00.000Z,0,0,22.456501007080078
2025-12-24T12:00:00.000Z,0,0,23.60650062561035
2025-12-24T13:00:00.000Z,0,0,24.35650062561035
2025-12-24T14:00:00.000Z,0,0,24.706501007080078
2025-12-24T15:00:00.000Z,0,0,24.35650062561035
2025-12-24T16:00:00.000Z,0,0,23.60650062561035
2025-12-24T17:00:00.000Z,0,0,20.6564998626709
2025-12-24T18:00:00.000Z,0,0,18.6564998626709
2025-12-24T19:00:00.000Z,0,0,17.256500244140625
2025-12-24T20:00:00.000Z,0,0,16.10650062561035
2025-12-24T21:00:00.000Z,0,0,15.756500244140625
2025-12-24T22:00:00.000Z,0,0,14.606500625610352
2025-12-24T23:00:00.000Z,0,0,13.956500053405762
2025-12-25T00:00:00.000Z,0,0,14.056500434875488
2025-12-25T01:00:00.000Z,0,0,13.356500625610352
2025-12-25T02:00:00.000Z,0,0,13.256500244140625
2025-12-25T03:00:00.000Z,0,0,12.456500053405762
2025-12-25T04:00:00.000Z,0,0,12.756500244140625
2025-12-25T05:00:00.000Z,0,0,12.456500053405762
2025-12-25T06:00:00.000Z,0,0,11.506500244140625
2025-12-25T07:00:00.000Z,0,0,12.206500053405762
2025-12-25T08:00:00.000Z,0,0,13.956500053405762
2025-12-25T09:00:00.000Z,0,0,16.35650062561035
2025-12-25T10:00:00.000Z,0,0,18.956501007080078
2025-12-25T11:00:00.000Z,0,0,21.1564998626709
2025-12-25T12:00:00.000Z,0,0,22.4064998626709
2025-12-25T13:00:00.000Z,0,0,23.35650062561035
2025-12-25T14:00:00.000Z,0,0,23.306499481201172
2025-12-25T15:00:00.000Z,0,0,23.1564998626709
2025-12-25T16:00:00.000Z,0,0,23.006500244140625
2025-12-25T17:00:00.000Z,0,0,20.456501007080078
2025-12-25T18:00:00.000Z,0,0,18.1564998626709
2025-12-25T19:00:00.000Z,0,0,16.756500244140625
2025-12-25T20:00:00.000Z,0,0,15.756500244140625
2025-12-25T21:00:00.000Z,0,0,15.056500434875488
2025-12-25T22:00:00.000Z,0,0,14.356500625610352
2025-12-25T23:00:00.000Z,0,0,14.106500625610352
2025-12-26T00:00:00.000Z,0,0,13.356500625610352
2025-12-26T01:00:00.000Z,0,0,12.606500625610352
2025-12-26T02:00:00.000Z,0,0,11.706500053405762
2025-12-26T03:00:00.000Z,0,0,11.206500053405762
2025-12-26T04:00:00.000Z,0,0,10.156499862670898
2025-12-26T05:00:00.000Z,0,0,10.806500434875488
2025-12-26T06:00:00.000Z,0,0,10.906499862670898
2025-12-26T07:00:00.000Z,0,0,11.906499862670898
2025-12-26T08:00:00.000Z,0,0,13.106500625610352
2025-12-26T09:00:00.000Z,0,0,14.206500053405762
2025-12-26T10:00:00.000Z,0,0,15.306500434875488
2025-12-26T11:00:00.000Z,0,0,16.60650062561035
2025-12-26T12:00:00.000Z,0,0,18.6564998626709
2025-12-26T13:00:00.000Z,0,0,19.9064998626709
2025-12-26T14:00:00.000Z,0,0,20.1564998626709
2025-12-26T15:00:00.000Z,0,1,20.60650062561035
2025-12-26T16:00:00.000Z,0,0,20.556499481201172
2025-12-26T17:00:00.000Z,0,0,20.306499481201172
2025-12-26T18:00:00.000Z,0,1,19.006500244140625
2025-12-26T19:00:00.000Z,0,1,18.4064998626709
2025-12-26T20:00:00.000Z,0,0,18.60650062561035
2025-12-26T21:00:00.000Z,0,1,18.806499481201172
2025-12-26T22:00:00.000Z,0,1,18.506500244140625
2025-12-26T23:00:00.000Z,0,0,18.006500244140625
2025-12-27T00:00:00.000Z,0,0,18.4064998626709
2025-12-27T01:00:00.000Z,0,0,18.506500244140625
2025-12-27T02:00:00.000Z,0,0,18.456501007080078
2025-12-27T03:00:00.000Z,0,1,18.556499481201172
2025-12-27T04:00:00.000Z,0.10000000149011612,2,18.206501007080078
2025-12-27T05:00:00.000Z,0,1,18.206501007080078
2025-12-27T06:00:00.000Z,0,0,18.306499481201172
2025-12-27T07:00:00.000Z,0,4,18.256500244140625
2025-12-27T08:00:00.000Z,0,1,18.60650062561035
2025-12-27T09:00:00.000Z,0,0,18.6564998626709
2025-12-27T10:00:00.000Z,0,4,19.456501007080078
2025-12-27T11:00:00.000Z,0,0,19.706501007080078
2025-12-27T12:00:00.000Z,0,1,19.806499481201172
2025-12-27T13:00:00.000Z,0,0,21.1564998626709
2025-12-27T14:00:00.000Z,0,0,21.506500244140625
2025-12-27T15:00:00.000Z,0,1,21.6564998626709
2025-12-27T16:00:00.000Z,0,5,21.056499481201172
2025-12-27T17:00:00.000Z,0,1,20.306499481201172
2025-12-27T18:00:00.000Z,0,0,19.4064998626709
2025-12-27T19:00:00.000Z,0,0,18.706501007080078
2025-12-27T20:00:00.000Z,0,2,17.806499481201172
2025-12-27T21:00:00.000Z,0,3,16.756500244140625
2025-12-27T22:00:00.000Z,0,0,15.906499862670898
2025-12-27T23:00:00.000Z,0,0,15.706500053405762
2025-12-28T00:00:00.000Z,0,0,15.056500434875488
2025-12-28T01:00:00.000Z,0,0,14.806500434875488
2025-12-28T02:00:00.000Z,0,1,15.206500053405762
2025-12-28T03:00:00.000Z,0,2,15.456500053405762
2025-12-28T04:00:00.000Z,0,0,16.506500244140625
2025-12-28T05:00:00.000Z,0,0,16.60650062561035
2025-12-28T06:00:00.000Z,0,0,16.806499481201172
2025-12-28T07:00:00.000Z,0,1,16.756500244140625
2025-12-28T08:00:00.000Z,0,1,16.806499481201172
2025-12-28T09:00:00.000Z,0.30000001192092896,4,16.9064998626709
2025-12-28T10:00:00.000Z,0,10,17.506500244140625
2025-12-28T11:00:00.000Z,0,7,18.006500244140625
2025-12-28T12:00:00.000Z,0,2,18.506500244140625
2025-12-28T13:00:00.000Z,0,4,19.956501007080078
2025-12-28T14:00:00.000Z,0,0,21.10650062561035
2025-12-28T15:00:00.000Z,0,0,21.756500244140625
2025-12-28T16:00:00.000Z,0,0,21.10650062561035
2025-12-28T17:00:00.000Z,0,0,19.306499481201172
2025-12-28T18:00:00.000Z,0,0,17.956501007080078
2025-12-28T19:00:00.000Z,0,0,17.256500244140625
2025-12-28T20:00:00.000Z,0,0,16.706501007080078
2025-12-28T21:00:00.000Z,0,0,16.1564998626709
2025-12-28T22:00:00.000Z,0,0,15.906499862670898
2025-12-28T23:00:00.000Z,0,0,15.856500625610352
2025-12-29T00:00:00.000Z,0,0,16.256500244140625
2025-12-29T01:00:00.000Z,0,0,16.706501007080078
2025-12-29T02:00:00.000Z,0,4,17.756500244140625
2025-12-29T03:00:00.000Z,0,18,18.006500244140625
2025-12-29T04:00:00.000Z,0,10,18.35650062561035
2025-12-29T05:00:00.000Z,0,41,16.306499481201172
2025-12-29T06:00:00.000Z,0,42,13.406499862670898
2025-12-29T07:00:00.000Z,0,2,12.456500053405762
2025-12-29T08:00:00.000Z,0,2,11.206500053405762
2025-12-29T09:00:00.000Z,0,4,10.056500434875488
2025-12-29T10:00:00.000Z,0,1,10.756500244140625
2025-12-29T11:00:00.000Z,0,0,10.756500244140625
2025-12-29T12:00:00.000Z,0,0,11.756500244140625
2025-12-29T13:00:00.000Z,0,0,10.406499862670898
2025-12-29T14:00:00.000Z,0,0,10.356500625610352
2025-12-29T15:00:00.000Z,0,0,9.556500434875488
2025-12-29T16:00:00.000Z,0,0,8.206500053405762
2025-12-29T17:00:00.000Z,0,0,6.606499671936035
2025-12-29T18:00:00.000Z,0,0,5.2064995765686035
2025-12-29T19:00:00.000Z,0,0,4.55649995803833
2025-12-29T20:00:00.000Z,0,0,3.4565000534057617
2025-12-29T21:00:00.000Z,0,0,2.6064999103546143
2025-12-29T22:00:00.000Z,0,0,2.05649995803833
2025-12-29T23:00:00.000Z,0,0,1.506500005722046
2025-12-30T00:00:00.000Z,0,0,0.7064999938011169
2025-12-30T01:00:00.000Z,0,0,-0.19349999725818634
2025-12-30T02:00:00.000Z,0,0,-0.9434999823570251
2025-12-30T03:00:00.000Z,0,0,-1.44350004196167
2025-12-30T04:00:00.000Z,0,0,-1.7934999465942383
2025-12-30T05:00:00.000Z,0,0,-3.243499994277954
2025-12-30T06:00:00.000Z,0,0,-4.243500232696533
2025-12-30T07:00:00.000Z,0,0,-4.19350004196167
2025-12-30T08:00:00.000Z,0,0,-1.94350004196167
2025-12-30T09:00:00.000Z,0,0,-0.2434999942779541
2025-12-30T10:00:00.000Z,0,0,1.406499981880188
2025-12-30T11:00:00.000Z,0,0,2.9065001010894775
2025-12-30T12:00:00.000Z,0,0,4.4564995765686035
2025-12-30T13:00:00.000Z,0,0,5.656499862670898
2025-12-30T14:00:00.000Z,0,0,6.406499862670898
2025-12-30T15:00:00.000Z,0,0,6.4564995765686035
2025-12-30T16:00:00.000Z,0,0,6.156499862670898
2025-12-30T17:00:00.000Z,0,0,4.356499671936035
2025-12-30T18:00:00.000Z,0,0,3.1565001010894775
2025-12-30T19:00:00.000Z,0,0,2.4565000534057617
2025-12-30T20:00:00.000Z,0,0,1.8565000295639038
2025-12-30T21:00:00.000Z,0,0,1.006500005722046
2025-12-30T22:00:00.000Z,0,0,0.3564999997615814
2025-12-30T23:00:00.000Z,0,0,-0.09350000321865082
2025-12-31T00:00:00.000Z,0,0,-0.2434999942779541
2025-12-31T01:00:00.000Z,0,0,-0.6934999823570251
2025-12-31T02:00:00.000Z,0,0,-0.9934999942779541
2025-12-31T03:00:00.000Z,0,0,-1.593500018119812
2025-12-31T04:00:00.000Z,0,0,-3.243499994277954
2025-12-31T05:00:00.000Z,0,0,-3.5934998989105225
2025-12-31T06:00:00.000Z,0,0,-3.69350004196167
2025-12-31T07:00:00.000Z,0,0,-3.8935000896453857
2025-12-31T08:00:00.000Z,0,0,-0.4934999942779541
2025-12-31T09:00:00.000Z,0,0,2.006500005722046
2025-12-31T10:00:00.000Z,0,0,4.7064995765686035
2025-12-31T11:00:00.000Z,0,0,7.006499767303467
2025-12-31T12:00:00.000Z,0,0,8.906499862670898
2025-12-31T13:00:00.000Z,0,0,10.006500244140625
2025-12-31T14:00:00.000Z,0,0,10.806500434875488
2025-12-31T15:00:00.000Z,0,0,10.956500053405762
2025-12-31T16:00:00.000Z,0,0,10.306500434875488
2025-12-31T17:00:00.000Z,0,0,8.356500625610352
2025-12-31T18:00:00.000Z,0,0,6.256499767303467
2025-12-31T19:00:00.000Z,0,0,4.80649995803833
2025-12-31T20:00:00.000Z,0,0,3.7065000534057617
2025-12-31T21:00:00.000Z,0,0,2.8564999103546143
2025-12-31T22:00:00.000Z,0,0,2.4065001010894775
2025-12-31T23:00:00.000Z,0,0,2.05649995803833
2026-01-01T00:00:00.000Z,0,0,2.05649995803833
2026-01-01T01:00:00.000Z,0,0,1.406499981880188
2026-01-01T02:00:00.000Z,0,0,1.156499981880188
2026-01-01T03:00:00.000Z,0,0,0.9564999938011169
2026-01-01T04:00:00.000Z,0,0,0.5065000057220459
2026-01-01T05:00:00.000Z,0,0,0.656499981880188
2026-01-01T06:00:00.000Z,0,0,0.5565000176429749
2026-01-01T07:00:00.000Z,0,0,0.05650000274181366
2026-01-01T08:00:00.000Z,0,0,3.006500005722046
2026-01-01T09:00:00.000Z,0,0,7.156499862670898
2026-01-01T10:00:00.000Z,0,0,10.756500244140625
2026-01-01T11:00:00.000Z,0,0,13.356500625610352
2026-01-01T12:00:00.000Z,0,0,15.256500244140625
2026-01-01T13:00:00.000Z,0,0,16.4064998626709
2026-01-01T14:00:00.000Z,0,0,16.9064998626709
2026-01-01T15:00:00.000Z,0,0,16.60650062561035
2026-01-01T16:00:00.000Z,0,0,16.006500244140625
2026-01-01T17:00:00.000Z,0,0,13.356500625610352
2026-01-01T18:00:00.000Z,0,0,11.306500434875488
2026-01-01T19:00:00.000Z,0,0,9.706500053405762
2026-01-01T20:00:00.000Z,0,0,8.906499862670898
2026-01-01T21:00:00.000Z,0,0,7.656499862670898
2026-01-01T22:00:00.000Z,0,0,7.30649995803833
2026-01-01T23:00:00.000Z,0,0,6.7064995765686035
2026-01-02T00:00:00.000Z,0,0,6.506499767303467
2026-01-02T01:00:00.000Z,0,0,5.55649995803833
2026-01-02T02:00:00.000Z,0,0,5.606499671936035
2026-01-02T03:00:00.000Z,0,0,5.356499671936035
2026-01-02T04:00:00.000Z,0,0,5.406499862670898
2026-01-02T05:00:00.000Z,0,0,5.656499862670898
2026-01-02T06:00:00.000Z,0,0,6.256499767303467
2026-01-02T07:00:00.000Z,0,1,6.4564995765686035
2026-01-02T08:00:00.000Z,0,0,8.256500244140625
2026-01-02T09:00:00.000Z,0,0,10.356500625610352
2026-01-02T10:00:00.000Z,0,0,12.306500434875488
2026-01-02T11:00:00.000Z,0,1,13.856500625610352
2026-01-02T12:00:00.000Z,0,3,14.806500434875488
2026-01-02T13:00:00.000Z,0,1,15.806500434875488
2026-01-02T14:00:00.000Z,0,1,16.506500244140625
2026-01-02T15:00:00.000Z,0,1,16.456501007080078
2026-01-02T16:00:00.000Z,0,3,16.306499481201172
2026-01-02T17:00:00.000Z,0,7,15.706500053405762
2026-01-02T18:00:00.000Z,0,22,15.556500434875488
2026-01-02T19:00:00.000Z,0.30000001192092896,37,14.106500625610352
2026-01-02T20:00:00.000Z,0.20000000298023224,26,14.006500244140625
2026-01-02T21:00:00.000Z,1.2000000476837158,42,13.456500053405762
2026-01-02T22:00:00.000Z,0.10000000149011612,50,13.306500434875488
2026-01-02T23:00:00.000Z,0,49,13.506500244140625
2026-01-03T00:00:00.000Z,0.10000000149011612,46,13.856500625610352
2026-01-03T01:00:00.000Z,0,38,14.756500244140625
2026-01-03T02:00:00.000Z,1.2000000476837158,26,15.306500434875488
2026-01-03T03:00:00.000Z,0.30000001192092896,37,16.006500244140625
2026-01-03T04:00:00.000Z,0.30000001192092896,51,16.206501007080078
2026-01-03T05:00:00.000Z,0,44,16.6564998626709
2026-01-03T06:00:00.000Z,0,39,16.756500244140625
2026-01-03T07:00:00.000Z,0,23,16.35650062561035
2026-01-03T08:00:00.000Z,0,9,16.006500244140625
2026-01-03T09:00:00.000Z,0,10,16.1564998626709
2026-01-03T10:00:00.000Z,0,11,16.006500244140625
2026-01-03T11:00:00.000Z,0,7,16.506500244140625
2026-01-03T12:00:00.000Z,0,5,16.556499481201172
2026-01-03T13:00:00.000Z,0,3,16.806499481201172
2026-01-03T14:00:00.000Z,0,2,17.006500244140625
2026-01-03T15:00:00.000Z,0,1,16.10650062561035
2026-01-03T16:00:00.000Z,0,1,15.756500244140625
2026-01-03T17:00:00.000Z,0,1,14.856500625610352
2026-01-03T18:00:00.000Z,0,0,13.956500053405762
2026-01-03T19:00:00.000Z,0,0,13.306500434875488
2026-01-03T20:00:00.000Z,0,0,12.156499862670898
2026-01-03T21:00:00.000Z,0,1,11.006500244140625
2026-01-03T22:00:00.000Z,0,0,10.256500244140625
2026-01-03T23:00:00.000Z,0,0,9.256500244140625
2026-01-04T00:00:00.000Z,0,0,8.656499862670898
2026-01-04T01:00:00.000Z,0,0,8.056500434875488
2026-01-04T02:00:00.000Z,0,0,7.656499862670898
2026-01-04T03:00:00.000Z,0,0,8.356500625610352
2026-01-04T04:00:00.000Z,0,0,7.80649995803833
2026-01-04T05:00:00.000Z,0,0,6.856499671936035
2026-01-04T06:00:00.000Z,0,0,6.7064995765686035
2026-01-04T07:00:00.000Z,0,0,6.106499671936035
2026-01-04T08:00:00.000Z,0,0,7.756499767303467
2026-01-04T09:00:00.000Z,0,0,10.106500625610352
2026-01-04T10:00:00.000Z,0,0,11.906499862670898
2026-01-04T11:00:00.000Z,0,0,13.756500244140625
2026-01-04T12:00:00.000Z,0,0,15.456500053405762
2026-01-04T13:00:00.000Z,0,0,17.556499481201172
2026-01-04T14:00:00.000Z,0,0,19.10650062561035
2026-01-04T15:00:00.000Z,0,0,18.956501007080078
2026-01-04T16:00:00.000Z,0,0,18.256500244140625
2026-01-04T17:00:00.000Z,0,0,15.206500053405762
2026-01-04T18:00:00.000Z,0,0,12.856500625610352
2026-01-04T19:00:00.000Z,0,0,11.406499862670898
2026-01-04T20:00:00.000Z,0,0,10.206500053405762
2026-01-04T21:00:00.000Z,0,0,9.406499862670898
2026-01-04T22:00:00.000Z,0,0,8.456500053405762
2026-01-04T23:00:00.000Z,0,0,8.456500053405762
2026-01-05T00:00:00.000Z,0,0,7.906499862670898
2026-01-05T01:00:00.000Z,0,0,7.7064995765686035
2026-01-05T02:00:00.000Z,0,0,7.156499862670898
2026-01-05T03:00:00.000Z,0,0,6.856499671936035
2026-01-05T04:00:00.000Z,0,0,6.506499767303467
2026-01-05T05:00:00.000Z,0,0,6.256499767303467
2026-01-05T06:00:00.000Z,0,0,7.156499862670898
2026-01-05T07:00:00.000Z,0,0,7.7064995765686035
2026-01-05T08:00:00.000Z,0,0,8.956500053405762
2026-01-05T09:00:00.000Z,0,0,10.556500434875488
2026-01-05T10:00:00.000Z,0,0,11.856500625610352
2026-01-05T11:00:00.000Z,0,0,12.556500434875488
2026-01-05T12:00:00.000Z,0,0,12.956500053405762
2026-01-05T13:00:00.000Z,0,0,13.556500434875488
2026-01-05T14:00:00.000Z,0,0,13.856500625610352
2026-01-05T15:00:00.000Z,0,0,13.456500053405762
2026-01-05T16:00:00.000Z,0,0,12.456500053405762
2026-01-05T17:00:00.000Z,0,0,11.256500244140625
2026-01-05T18:00:00.000Z,0,0,10.456500053405762
2026-01-05T19:00:00.000Z,0,0,10.956500053405762
2026-01-05T20:00:00.000Z,0,0,10.756500244140625
2026-01-05T21:00:00.000Z,0,1,10.806500434875488
2026-01-05T22:00:00.000Z,0,0,10.656499862670898
2026-01-05T23:00:00.000Z,0,0,10.356500625610352
2026-01-06T00:00:00.000Z,0,0,10.006500244140625
2026-01-06T01:00:00.000Z,0,0,10.156499862670898
2026-01-06T02:00:00.000Z,0,0,10.156499862670898
2026-01-06T03:00:00.000Z,0,0,10.356500625610352
2026-01-06T04:00:00.000Z,0,0,9.756500244140625
2026-01-06T05:00:00.000Z,0,1,10.056500434875488
2026-01-06T06:00:00.000Z,0,1,10.156499862670898
2026-01-06T07:00:00.000Z,0,1,10.356500625610352
2026-01-06T08:00:00.000Z,0,1,10.906499862670898
2026-01-06T09:00:00.000Z,0,1,11.656499862670898
2026-01-06T10:00:00.000Z,0,0,12.706500053405762
2026-01-06T11:00:00.000Z,0,0,14.006500244140625
2026-01-06T12:00:00.000Z,0,0,15.906499862670898
2026-01-06T13:00:00.000Z,0,0,17.4064998626709
2026-01-06T14:00:00.000Z,0,0,17.6564998626709
2026-01-06T15:00:00.000Z,0,0,19.10650062561035
2026-01-06T16:00:00.000Z,0,1,18.556499481201172
2026-01-06T17:00:00.000Z,0,0,18.306499481201172
2026-01-06T18:00:00.000Z,0,3,17.756500244140625
2026-01-06T19:00:00.000Z,0,1,17.10650062561035
2026-01-06T20:00:00.000Z,0,1,15.906499862670898
2026-01-06T21:00:00.000Z,0,0,15.106500625610352
2026-01-06T22:00:00.000Z,0,0,15.106500625610352
2026-01-06T23:00:00.000Z,0,0,16.056499481201172
2026-01-07T00:00:00.000Z,0,2,15.006500244140625
2026-01-07T01:00:00.000Z,0,0,14.356500625610352
2026-01-07T02:00:00.000Z,0,1,14.606500625610352
2026-01-07T03:00:00.000Z,0,3,16.10650062561035
2026-01-07T04:00:00.000Z,0,2,17.006500244140625
2026-01-07T05:00:00.000Z,0,6,17.60650062561035
2026-01-07T06:00:00.000Z,0,5,17.206501007080078
2026-01-07T07:00:00.000Z,0,6,16.506500244140625
2026-01-07T08:00:00.000Z,0,4,16.956501007080078
2026-01-07T09:00:00.000Z,0,3,17.9064998626709
2026-01-07T10:00:00.000Z,0,2,18.956501007080078
2026-01-07T11:00:00.000Z,0,1,20.806499481201172
2026-01-07T12:00:00.000Z,0,0,22.506500244140625
2026-01-07T13:00:00.000Z,0,0,23.056499481201172
2026-01-07T14:00:00.000Z,0,0,23.306499481201172
2026-01-07T15:00:00.000Z,0,0,22.956501007080078
2026-01-07T16:00:00.000Z,0,0,22.35650062561035
2026-01-07T17:00:00.000Z,0,0,20.506500244140625
2026-01-07T18:00:00.000Z,0,0,17.6564998626709
2026-01-07T19:00:00.000Z,0,0,16.506500244140625
2026-01-07T20:00:00.000Z,0,0,15.056500434875488
2026-01-07T21:00:00.000Z,0,0,14.006500244140625
2026-01-07T22:00:00.000Z,0,0,13.306500434875488
2026-01-07T23:00:00.000Z,0,0,12.656499862670898
2026-01-08T00:00:00.000Z,0,0,12.256500244140625
2026-01-08T01:00:00.000Z,0,0,11.706500053405762
2026-01-08T02:00:00.000Z,0,0,11.656499862670898
2026-01-08T03:00:00.000Z,0,0,11.106500625610352
2026-01-08T04:00:00.000Z,0,0,10.956500053405762
2026-01-08T05:00:00.000Z,0,0,11.206500053405762
2026-01-08T06:00:00.000Z,0,1,13.406499862670898
2026-01-08T07:00:00.000Z,0,0,13.506500244140625
2026-01-08T08:00:00.000Z,0,0,13.656499862670898
2026-01-08T09:00:00.000Z,0,0,14.156499862670898
2026-01-08T10:00:00.000Z,0,0,16.35650062561035
2026-01-08T11:00:00.000Z,0,0,16.556499481201172
2026-01-08T12:00:00.000Z,0,0,17.706501007080078
2026-01-08T13:00:00.000Z,0,0,18.4064998626709
2026-01-08T14:00:00.000Z,0,0,19.056499481201172
2026-01-08T15:00:00.000Z,0,1,19.006500244140625
2026-01-08T16:00:00.000Z,0,3,18.4064998626709
2026-01-08T17:00:00.000Z,0,1,18.35650062561035
2026-01-08T18:00:00.000Z,0,1,17.35650062561035
2026-01-08T19:00:00.000Z,0,1,17.006500244140625
2026-01-08T20:00:00.000Z,0,0,17.1564998626709
2026-01-08T21:00:00.000Z,0,5,16.556499481201172
2026-01-08T22:00:00.000Z,0,2,16.206501007080078
2026-01-08T23:00:00.000Z,0,4,16.9064998626709
2026-01-09T00:00:00.000Z,0,3,16.956501007080078
2026-01-09T01:00:00.000Z,0,1,16.006500244140625
2026-01-09T02:00:00.000Z,0,0,15.906499862670898
2026-01-09T03:00:00.000Z,0,0,15.456500053405762
2026-01-09T04:00:00.000Z,0,0,15.506500244140625
2026-01-09T05:00:00.000Z,0,0,15.556500434875488
2026-01-09T06:00:00.000Z,0,0,15.256500244140625
2026-01-09T07:00:00.000Z,0,0,15.406499862670898
2026-01-09T08:00:00.000Z,0,0,16.006500244140625
2026-01-09T09:00:00.000Z,0,1,16.6564998626709
2026-01-09T10:00:00.000Z,0,1,18.456501007080078
2026-01-09T11:00:00.000Z,0,2,19.85650062561035
2026-01-09T12:00:00.000Z,0,2,20.806499481201172
2026-01-09T13:00:00.000Z,0,4,22.1564998626709
2026-01-09T14:00:00.000Z,0,3,22.6564998626709
2026-01-09T15:00:00.000Z,0,1,22.506500244140625
2026-01-09T16:00:00.000Z,0,4,21.456501007080078
2026-01-09T17:00:00.000Z,0,13,19.1564998626709
2026-01-09T18:00:00.000Z,0,23,18.956501007080078
2026-01-09T19:00:00.000Z,0,28,19.10650062561035
2026-01-09T20:00:00.000Z,0,16,19.756500244140625
2026-01-09T21:00:00.000Z,0,14,19.706501007080078
2026-01-09T22:00:00.000Z,0,21,20.1564998626709
2026-01-09T23:00:00.000Z,0,16,20.306499481201172
2026-01-10T00:00:00.000Z,0,14,20.306499481201172
2026-01-10T01:00:00.000Z,0,17,20.556499481201172
2026-01-10T02:00:00.000Z,0,12,20.306499481201172
2026-01-10T03:00:00.000Z,0,12,20.306499481201172
2026-01-10T04:00:00.000Z,0,11,20.506500244140625
2026-01-10T05:00:00.000Z,0,12,20.756500244140625
2026-01-10T06:00:00.000Z,0,13,21.056499481201172
2026-01-10T07:00:00.000Z,0,19,20.9064998626709
2026-01-10T08:00:00.000Z,0,14,21.256500244140625
2026-01-10T09:00:00.000Z,0,19,21.456501007080078
2026-01-10T10:00:00.000Z,0,25,22.506500244140625
2026-01-10T11:00:00.000Z,21.5,24,19.10650062561035
2026-01-10T12:00:00.000Z,0.5,75,18.806499481201172
2026-01-10T13:00:00.000Z,0.20000000298023224,77,18.456501007080078
2026-01-10T14:00:00.000Z,1.100000023841858,73,18.10650062561035
2026-01-10T15:00:00.000Z,1.9000000953674316,71,17.85650062561035
2026-01-10T16:00:00.000Z,0.20000000298023224,34,17.60650062561035
2026-01-10T17:00:00.000Z,0.30000001192092896,25,18.006500244140625
2026-01-10T18:00:00.000Z,0,30,18.006500244140625
2026-01-10T19:00:00.000Z,0,17,17.706501007080078
2026-01-10T20:00:00.000Z,0,4,16.60650062561035
2026-01-10T21:00:00.000Z,0,1,15.506500244140625
2026-01-10T22:00:00.000Z,0,1,15.356500625610352
2026-01-10T23:00:00.000Z,0,1,14.306500434875488
2026-01-11T00:00:00.000Z,0,1,12.956500053405762
2026-01-11T01:00:00.000Z,0,0,11.756500244140625
2026-01-11T02:00:00.000Z,0,0,10.106500625610352
2026-01-11T03:00:00.000Z,0,0,8.856500625610352
2026-01-11T04:00:00.000Z,0,0,7.656499862670898
2026-01-11T05:00:00.000Z,0,0,6.756499767303467
2026-01-11T06:00:00.000Z,0,0,5.856499671936035
2026-01-11T07:00:00.000Z,0,0,4.80649995803833
2026-01-11T08:00:00.000Z,0,0,5.856499671936035
2026-01-11T09:00:00.000Z,0,0,7.80649995803833
2026-01-11T10:00:00.000Z,0,0,9.806500434875488
2026-01-11T11:00:00.000Z,0,0,10.456500053405762
2026-01-11T12:00:00.000Z,0,0,11.456500053405762
2026-01-11T13:00:00.000Z,0,0,12.106500625610352
2026-01-11T14:00:00.000Z,0,0,12.056500434875488
2026-01-11T15:00:00.000Z,0,0,11.306500434875488
2026-01-11T16:00:00.000Z,0,0,10.256500244140625
2026-01-11T17:00:00.000Z,0,0,8.706500053405762
2026-01-11T18:00:00.000Z,0,0,7.006499767303467
2026-01-11T19:00:00.000Z,0,0,5.9564995765686035
2026-01-11T20:00:00.000Z,0,0,5.156499862670898
2026-01-11T21:00:00.000Z,0,0,4.006499767303467
2026-01-11T22:00:00.000Z,0,0,3.1565001010894775
2026-01-11T23:00:00.000Z,0,0,2.1565001010894775
2026-01-12T00:00:00.000Z,0,0,1.4565000534057617
2026-01-12T01:00:00.000Z,0,0,0.7064999938011169
2026-01-12T02:00:00.000Z,0,0,0.10649999976158142
2026-01-12T03:00:00.000Z,0,0,-0.2434999942779541
2026-01-12T04:00:00.000Z,0,0,-0.6934999823570251
2026-01-12T05:00:00.000Z,0,0,-1.0434999465942383
2026-01-12T06:00:00.000Z,0,0,-1.093500018119812
2026-01-12T07:00:00.000Z,0,0,-2.0934998989105225
2026-01-12T08:00:00.000Z,0,0,0.30650001764297485
2026-01-12T09:00:00.000Z,0,0,2.7065000534057617
2026-01-12T10:00:00.000Z,0,0,4.606499671936035
2026-01-12T11:00:00.000Z,0,0,7.05649995803833
2026-01-12T12:00:00.000Z,0,0,8.406499862670898
2026-01-12T13:00:00.000Z,0,0,9.306500434875488
2026-01-12T14:00:00.000Z,0,0,10.106500625610352
2026-01-12T15:00:00.000Z,0,0,10.656499862670898
2026-01-12T16:00:00.000Z,0,0,9.506500244140625
2026-01-12T17:00:00.000Z,0,0,7.356499671936035
2026-01-12T18:00:00.000Z,0,0,5.756499767303467
2026-01-12T19:00:00.000Z,0,0,4.506499767303467
2026-01-12T20:00:00.000Z,0,0,3.4065001010894775
2026-01-12T21:00:00.000Z,0,0,2.6565001010894775
2026-01-12T22:00:00.000Z,0,0,1.756500005722046
2026-01-12T23:00:00.000Z,0,0,0.7565000057220459
2026-01-13T00:00:00.000Z,0,0,0.30650001764297485
2026-01-13T01:00:00.000Z,0,0,-0.2434999942779541
2026-01-13T02:00:00.000Z,0,0,-0.3434999883174896
2026-01-13T03:00:00.000Z,0,0,-0.6434999704360962
2026-01-13T04:00:00.000Z,0,0,-0.44349998235702515
2026-01-13T05:00:00.000Z,0,0,-0.593500018119812
2026-01-13T06:00:00.000Z,0,0,-0.6434999704360962
2026-01-13T07:00:00.000Z,0,0,-0.6434999704360962
2026-01-13T08:00:00.000Z,0,0,1.6065000295639038
2026-01-13T09:00:00.000Z,0,0,5.55649995803833
2026-01-13T10:00:00.000Z,0,0,8.506500244140625
2026-01-13T11:00:00.000Z,0,0,11.056500434875488
2026-01-13T12:00:00.000Z,0,0,12.956500053405762
2026-01-13T13:00:00.000Z,0,0,14.006500244140625
2026-01-13T14:00:00.000Z,0,0,14.706500053405762
2026-01-13T15:00:00.000Z,0,0,14.956500053405762
2026-01-13T16:00:00.000Z,0,0,14.706500053405762
2026-01-13T17:00:00.000Z,0,0,11.506500244140625
2026-01-13T18:00:00.000Z,0,0,9.156499862670898
2026-01-13T19:00:00.000Z,0,0,7.9564995765686035
2026-01-13T20:00:00.000Z,0,0,7.406499862670898
2026-01-13T21:00:00.000Z,0,0,7.30649995803833
2026-01-13T22:00:00.000Z,0,0,6.406499862670898
2026-01-13T23:00:00.000Z,0,0,5.156499862670898
2026-01-14T00:00:00.000Z,0,0,5.106499671936035
2026-01-14T01:00:00.000Z,0,0,5.606499671936035
2026-01-14T02:00:00.000Z,0,0,5.906499862670898
2026-01-14T03:00:00.000Z,0,5,7.256499767303467
2026-01-14T04:00:00.000Z,0,23,6.506499767303467
2026-01-14T05:00:00.000Z,0.20000000298023224,41,6.506499767303467
2026-01-14T06:00:00.000Z,0,44,6.256499767303467
2026-01-14T07:00:00.000Z,0.5,86,5.406499862670898
2026-01-14T08:00:00.000Z,0.4000000059604645,69,4.856499671936035
2026-01-14T09:00:00.000Z,0,31,5.4564995765686035
2026-01-14T10:00:00.000Z,1,33,6.05649995803833
2026-01-14T11:00:00.000Z,0,16,7.156499862670898
2026-01-14T12:00:00.000Z,0,7,7.55649995803833
2026-01-14T13:00:00.000Z,0,2,8.356500625610352
2026-01-14T14:00:00.000Z,0,2,9.456500053405762
2026-01-14T15:00:00.000Z,0,6,9.206500053405762
2026-01-14T16:00:00.000Z,0,5,9.006500244140625
2026-01-14T17:00:00.000Z,0,4,9.056500434875488
2026-01-14T18:00:00.000Z,0,23,9.356500625610352
2026-01-14T19:00:00.000Z,0,18,9.156499862670898
2026-01-14T20:00:00.000Z,0,2,8.456500053405762
2026-01-14T21:00:00.000Z,0,2,8.356500625610352
2026-01-14T22:00:00.000Z,0,7,7.906499862670898
2026-01-14T23:00:00.000Z,0,3,6.256499767303467